Workbook
Name HAGH: 'تعداد براساس قیمت'!$C$2:$C$61
Name HAGH: 'حجم براساس قیمت'!$C$2:$C$61
Name HOGH: 'تعداد براساس قیمت'!$D$2:$D$61
Name HOGH: 'حجم براساس قیمت'!$D$2:$D$61
Name PRICE: 'تعداد براساس قیمت'!$B$2:$B$61
Name PRICE: 'حجم براساس قیمت'!$B$2:$B$61

Sheet DATA
A1: اریخ | C1: خرید | E1: فروش | H1: قیمت پایانی | I1: شاخص کل | J1: شاخص هم وزن | K1: شاخص گروهی سهام در آن قرار دارد
C2: حقیقی | D2: حقوقی | E2: حقیقی | F2: حقوقی | G2: 1 | H2: 44993 | I2: 343291.8 | J2: 107183 | K2: 307344
A3: اسفند | B3: تعداد | C3: 1105 | D3: 3 | E3: 131 | F3: 14 | G3: 2 | H3: 45474 | I3: 344115.1 | J3: 107731 | K3: 308350
A4: 24 | B4: حجم | C4: 942682 | D4: 625018 | E4: 759166 | F4: 808534 | G4: 3 | H4: 44514 | I4: 344487.6 | J4: 108598 | K4: 308676
C5: ( | D5: ( | E5: ( | F5: ( | G5: 4 | H5: 46186 | I5: 346870.7 | J5: 110243 | K5: 310939
C6: 60 | D6: 39 | E6: 48 | F6: 51 | G6: 5 | H6: 47709 | I6: 350322.6 | J6: 110906 | K6: 313621
C7: %) | D7: %) | E7: %) | F7: %) | G7: 6 | H7: 48024 | I7: 353996.7 | J7: 111891 | K7: 316589
B8: ارزش | C8: 57.082 B | D8: 37.847 B | E8: 45.97 B | F8: 48.959 B | G8: 7 | H8: 48090 | I8: 356721.1 | J8: 112856 | K8: 319403
B9: قیمت میانگین | C9: 60553 | D9: 60553 | E9: 60553 | F9: 60553 | G9: 8 | H9: 47193 | I9: 359365.5 | J9: 112604 | K9: 322177
B10: تغییر مالکیت حقوقی به حقیقی | D10: 183516 | G10: 9 | H10: 48133 | I10: 362259.3 | J10: 113581 | K10: 325130
G11: 10 | H11: 47628 | I11: 361088.4 | J11: 114298 | K11: 323956
A12: اسفند | B12: تعداد | C12: 2373 | D12: 9 | E12: 1326 | F12: 23 | G12: 11 | H12: 49789 | I12: 367632.1 | J12: 117166 | K12: 329446
A13: 21 | B13: حجم | C13: 3566000 | D13: 2072000 | E13: 3664000 | F13: 1974000 | G13: 12 | H13: 50347 | I13: 369729.9 | J13: 118170 | K13: 331300
C14: ( | D14: ( | E14: ( | F14: ( | G14: 13 | H14: 51032 | I14: 375547.7 | J14: 120359 | K14: 336666
C15: 63 | D15: 36 | E15: 64 | F15: 35 | G15: 14 | H15: 50410 | I15: 377012.6 | J15: 119970 | K15: 338692
C16: %) | D16: %) | E16: %) | F16: %) | G16: 15 | H16: 50352 | I16: 384099.6 | J16: 121488 | K16: 345555
B17: ارزش | C17: 227.523 B | D17: 131.82 B | E17: 233.779 B | F17: 125.563 B | G17: 16 | H17: 48388 | I17: 367334.2 | J17: 116690 | K17: 330541
B18: قیمت میانگین | C18: 63812.09 | D18: 63615.28 | E18: 63805.47 | F18: 63617.75 | G18: 17 | H18: 47514 | I18: 365815.5 | J18: 113151 | K18: 330356
B19: تغییر مالکیت حقوقی به حقیقی | D19: -98423 | G19: 18 | H19: 48464 | I19: 358843.2 | J19: 109600 | K19: 324457
G20: 19 | H20: 50887 | I20: 353807.7 | J20: 108173 | K20: 319959
A21: اسفند | B21: تعداد | C21: 804 | D21: 4 | E21: 46 | F21: 11 | G21: 20 | H21: 53431 | I21: 359807.4 | J21: 109974 | K21: 325417
A22: 20 | B22: حجم | C22: 538026 | D22: 1255000 | E22: 1203000 | F22: 590200 | H22: 55917 | I22: 375650.2 | J22: 114555 | K22: 339693
C23: ( | D23: ( | E23: ( | F23: ( | H23: 58008 | I23: 392038.4 | J23: 118924 | K23: 354585
C24: 30 | D24: 69 | E24: 67 | F24: 32 | H24: 59999 | I24: 395912.6 | J24: 120589 | K24: 357358
C25: %) | D25: %) | E25: %) | F25: %) | H25: 59782 | I25: 399445.3 | J25: 122016 | K25: 359900
B26: ارزش | C26: 35.725 B | D26: 83.332 B | E26: 79.868 B | F26: 39.189 B | H26: 59611 | I26: 409962.5 | J26: 126014 | K26: 368792
B27: قیمت میانگین | C27: 66400 | D27: 66400 | E27: 66400 | F27: 66400 | H27: 59067 | I27: 410694.5 | J27: 126787 | K27: 369328
B28: تغییر مالکیت حقوقی به حقیقی | D28: -664800 | H28: 58263 | I28: 409807.8 | J28: 128090 | K28: 367714
H29: 57087 | I29: 406008.9 | J29: 129420 | K29: 364084
A30: اسفند | B30: تعداد | C30: 985 | D30: 3 | E30: 7 | F30: 0 | H30: 58130 | I30: 411211.5 | J30: 131850 | K30: 368748
A31: 19 | B31: حجم | C31: 440541 | D31: 300000 | E31: 740541 | F31: 0 | H31: 57523 | I31: 417001.9 | J31: 135541 | K31: 374034
C32: ( | D32: ( | E32: ( | F32: ( | H32: 57811 | I32: 418312.5 | J32: 137333 | K32: 375156
C33: 59 | D33: 40 | E33: 100 | F33: 0 | H33: 56218 | I33: 420668 | J33: 138235 | K33: 376984
C34: %) | D34: %) | E34: %) | F34: %) | H34: 55971 | I34: 427139.4 | J34: 139961 | K34: 382257
B35: ارزش | C35: 30.183 B | D35: 20.554 B | E35: 50.737 B | F35: 0 | H35: 57916 | I35: 426184.9 | J35: 140201 | K35: 381219
B36: قیمت میانگین | C36: 68514 | D36: 68514 | E36: 68514 | F36: 0 | H36: 57099 | I36: 428217 | J36: 141862 | K36: 382988
B37: تغییر مالکیت حقوقی به حقیقی | D37: -300000 | H37: 57605 | I37: 438880.2 | J37: 145542 | K37: 392188
H38: 58602 | I38: 440199.1 | J38: 145049 | K38: 392272
A39: اسفند | B39: تعداد | C39: 1490 | D39: 7 | E39: 1630 | F39: 4 | H39: 57876 | I39: 445894.1 | J39: 146571 | K39: 396519
A40: 17 | B40: حجم | C40: 2082000 | D40: 1580000 | E40: 3042000 | F40: 621098 | H40: 58033 | I40: 452842.3 | J40: 147116 | K40: 402841
C41: ( | D41: ( | E41: ( | F41: ( | H41: 60422 | I41: 454618.5 | J41: 147472 | K41: 404840
C42: 56 | D42: 43 | E42: 83 | F42: 16 | H42: 63441 | I42: 447151.9 | J42: 145326 | K42: 398329
C43: %) | D43: %) | E43: %) | F43: %) | H43: 66611 | I43: 459079.6 | J43: 148930 | K43: 409007
B44: ارزش | C44: 150.307 B | D44: 113.857 B | E44: 219.338 B | F44: 44.825 B | H44: 69398 | I44: 461988.4 | J44: 150032 | K44: 412894
B45: قیمت میانگین | C45: 72177.43 | D45: 72041.98 | E45: 72108.36 | F45: 72171.04 | H45: 69018 | I45: 472749.9 | J45: 152458 | K45: 423613
B46: تغییر مالکیت حقوقی به حقیقی | D46: -959321 | H46: 69775 | I46: 476812.7 | J46: 152696 | K46: 427715
H47: 71124 | I47: 472120.4 | J47: 152187 | K47: 423719
A48: اسفند | B48: تعداد | C48: 1098 | D48: 2 | E48: 1266 | F48: 5 | H48: 74297 | I48: 478755.7 | J48: 155685 | K48: 429635
A49: 14 | B49: حجم | C49: 1382000 | D49: 50517 | E49: 1192000 | F49: 240122 | H49: 75901 | I49: 481798 | J49: 157219 | K49: 433794
C50: ( | D50: ( | E50: ( | F50: ( | H50: 76199 | I50: 498904.5 | J50: 163322 | K50: 449291
C51: 96 | D51: 3 | E51: 83 | F51: 16 | H51: 74238 | I51: 503735.8 | J51: 166233 | K51: 453687
C52: %) | D52: %) | E52: %) | F52: %) | H52: 70550 | I52: 518512.8 | J52: 170944 | K52: 466366
B53: ارزش | C53: 104.58 B | D53: 3.83 B | E53: 90.225 B | F53: 18.185 B | H53: 72095 | I53: 523851 | J53: 173298 | K53: 471595
B54: قیمت میانگین | C54: 75688.2 | D54: 75810.25 | E54: 75684.69 | F54: 75731.3 | H54: 74474 | I54: 505801 | J54: 169585 | K54: 455272
B55: تغییر مالکیت حقوقی به حقیقی | D55: 189605 | H55: 76259 | I55: 515583.4 | J55: 174470 | K55: 464086
H56: 75693 | I56: 529329 | J56: 178939 | K56: 476700
A57: اسفند | B57: تعداد | C57: 947 | D57: 16 | E57: 1028 | F57: 7 | H57: 72119 | I57: 544237.7 | J57: 182996 | K57: 490195
A58: 13 | B58: حجم | C58: 1752000 | D58: 825833 | E58: 944459 | F58: 1633000 | H58: 69894 | I58: 555167.7 | J58: 186266 | K58: 499838
C59: ( | D59: ( | E59: ( | F59: ( | H59: 66400 | I59: 549185.1 | J59: 184501 | K59: 493623
C60: 67 | D60: 32 | E60: 36 | F60: 63 | H60: 63740 | I60: 534378.4 | J60: 180970 | K60: 480745
C61: %) | D61: %) | E61: %) | F61: %) | H61: 60553 | I61: 519953.25 | J61: 178438.2 | K61: 466301.99
B62: ارزش | C62: 133.774 B | D62: 62.808 B | E62: 72.243 B | F62: 124.338 B | I62: 304688.5
B63: قیمت میانگین | C63: 76355.1 | D63: 76053.61 | E63: 76491.85 | F63: 76123.6 | I63: 304997
B64: تغییر مالکیت حقوقی به حقیقی | D64: 807541 | I64: 305622.5
I65: 305774
A66: اسفند | B66: تعداد | C66: 844 | D66: 4 | E66: 799 | F66: 4 | I66: 308477.2
A67: 12 | B67: حجم | C67: 1519000 | D67: 1164000 | E67: 1673000 | F67: 1010000 | I67: 309643.3
C68: ( | D68: ( | E68: ( | F68: ( | I68: 311230.1
C69: 56 | D69: 43 | E69: 62 | F69: 37 | I69: 314587.9
C70: %) | D70: %) | E70: %) | F70: %) | I70: 318670.5
B71: ارزش | C71: 112.713 B | D71: 87.105 B | E71: 124.865 B | F71: 74.952 B | I71: 320194.8
B72: قیمت میانگین | C72: 74199.01 | D72: 74832.41 | E72: 74636.57 | F72: 74204.2 | I72: 320814.4
B73: تغییر مالکیت حقوقی به حقیقی | D73: -153920 | I73: 322527.9
I74: 327624.8
A75: اسفند | B75: تعداد | C75: 975 | D75: 3 | E75: 766 | F75: 4 | I75: 332567.2
A76: 11 | B76: حجم | C76: 1105000 | D76: 256500 | E76: 1033000 | F76: 328517 | I76: 335792
C77: ( | D77: ( | E77: ( | F77: ( | I77: 339434.4
C78: 81 | D78: 18 | E78: 75 | F78: 24 | I78: 339386.6
C79: %) | D79: %) | E79: %) | F79: %) | I79: 343291.8
B80: ارزش | C80: 79.637 B | D80: 18.53 B | E80: 74.425 B | F80: 23.741 B | I80: 344115.1
B81: قیمت میانگین | C81: 72061.14 | D81: 72240.65 | E81: 72040.03 | F81: 72267.7 | I81: 344487.6
B82: تغییر مالکیت حقوقی به حقیقی | D82: 72017 | I82: 346870.7
I83: 350322.6
A84: اسفند | B84: تعداد | C84: 2060 | D84: 8 | E84: 1316 | F84: 4 | I84: 353996.7
A85: 10 | B85: حجم | C85: 2227000 | D85: 1520000 | E85: 3376000 | F85: 370987 | I85: 356721.1
C86: ( | D86: ( | E86: ( | F86: ( | I86: 359365.5
C87: 59 | D87: 40 | E87: 90 | F87: 9 | I87: 362259.3
C88: %) | D88: %) | E88: %) | F88: %) | I88: 361088.4
B89: ارزش | C89: 157.13 B | D89: 107.233 B | E89: 238.184 B | F89: 26.179 B | I89: 367632.1
B90: قیمت میانگین | C90: 70565.29 | D90: 70528.5 | E90: 70548.59 | F90: 70566.53 | I90: 369729.9
B91: تغییر مالکیت حقوقی به حقیقی | D91: -1149435 | I91: 375547.7
I92: 377012.6
A93: اسفند | B93: تعداد | C93: 1733 | D93: 12 | E93: 926 | F93: 1 | I93: 384099.6
A94: 7 | B94: حجم | C94: 2239000 | D94: 1133000 | E94: 3355000 | F94: 17471 | I94: 367334.2
C95: ( | D95: ( | E95: ( | F95: ( | I95: 365815.5
C96: 66 | D96: 33 | E96: 99 | F96: 0 | I96: 358843.2
C97: %) | D97: %) | E97: %) | F97: %) | I97: 353807.7
B98: ارزش | C98: 166.226 B | D98: 84.107 B | E98: 249.035 B | F98: 1.298 B | I98: 359807.4
B99: قیمت میانگین | C99: 74238.64 | D99: 74237.78 | E99: 74237.99 | F99: 74307.91 | I99: 375650.2
B100: تغییر مالکیت حقوقی به حقیقی | D100: -1115467 | I100: 392038.4
...

Sheet همبستگی و بتا
B1: بازدهی روزانه | C1: بازدهی روزانه شاخص کل | D1: بازدهی روزانه شاخص کل هم وزن | E1: بازدهی شاخص گروهی سهام در آن قرار دارد | F1: بازدهی تجمعی روزانه | G1: بازدهی تجمعی روزانه شاخص کل | H1: بازدهی تجمعی روزانه شاخص کل هم وزن | I1: بازدهی تجمعی شاخص گروهی سهام در آن قرار دارد | J1: ضریب همبستگی با شاخص کل (20 روز) | K1: ضریب همبستگی با شاخص کل هم وزن (20 روز) | L1: ضریب همبستگی با شاخص گروه (20 روز) | M1: ضریب بتا با شاخص کل (20 روز) | N1: ضریب بتا با شاخص کل هم وزن (20 روز) | O1: ضریب بتا با شاخص گروه (20 روز) | P1: ضریب آلفا با شاخص کل (20 روز) | Q1: ضریب آلفا با شاخص کل هم وزن (20 روز) | R1: ضریب آلفا با شاخص گروه (20 روز) | S1: نرخ رشد قیمت پایانی (5 روز) | T1: نرخ رشد قیمت پایانی (20 روز) | U1: نسبت بین نماد و شاخص کل هم وزن | V1: نسبت بین شاخص کل و شاخص کل هم وزن | W1: نسبت بین شاخص گروه و شاخص کل هم وزن | X1: یکه کردن نماد | Y1: یکه کردن شاخص کل | Z1: یکه کردن شاخص کل هم وزن | AA1: یکه کردن شاخص گروهی سهام در آن قرار دارد | AB1: =MAX(DATA!H2:K61) -> 555167.7
A2: 1 | B2: =(DATA!H3-DATA!H2)/DATA!H2 -> 0.010690552 | C2: =(DATA!I3-DATA!I2)/DATA!I2 -> 0.0023982513 | D2: =(DATA!J3-DATA!J2)/DATA!J2 -> 0.0051127511 | E2: =(DATA!K3-DATA!K2)/DATA!K2 -> 0.0032732053 | F2: 0 | G2: 0 | H2: 0 | I2: 0 | U2: =DATA!H2/DATA!J2 -> 0.41977739 | V2: =DATA!I2/DATA!J2 -> 3.2028568 | W2: =DATA!K2/DATA!J2 -> 2.8674697 | X2: =DATA!H2/$AB$1 -> 0.08104398 | Y2: =DATA!I2/$AB$1 -> 0.61835694 | Z2: =DATA!J2/$AB$1 -> 0.19306419 | AA2: =DATA!K2/$AB$1 -> 0.55360569
A3: 2 | B3: =(DATA!H4-DATA!H3)/DATA!H3 -> -0.021110965 | C3: =(DATA!I4-DATA!I3)/DATA!I3 -> 0.0010824866 | D3: =(DATA!J4-DATA!J3)/DATA!J3 -> 0.0080478228 | E3: =(DATA!K4-DATA!K3)/DATA!K3 -> 0.0010572401 | F3: =B2+F2 -> 0.010690552 | G3: =C2+G2 -> 0.0023982513 | H3: =D2+H2 -> 0.0051127511 | I3: =E2+I2 -> 0.0032732053 | U3: =DATA!H3/DATA!J3 -> 0.42210691 | V3: =DATA!I3/DATA!J3 -> 3.1942069 | W3: =DATA!K3/DATA!J3 -> 2.8622216 | X3: =DATA!H3/$AB$1 -> 0.081910385 | Y3: =DATA!I3/$AB$1 -> 0.61983992 | Z3: =DATA!J3/$AB$1 -> 0.19405127 | AA3: =DATA!K3/$AB$1 -> 0.55541776
A4: 3 | B4: =(DATA!H5-DATA!H4)/DATA!H4 -> 0.037561217 | C4: =(DATA!I5-DATA!I4)/DATA!I4 -> 0.0069178107 | D4: =(DATA!J5-DATA!J4)/DATA!J4 -> 0.015147609 | E4: =(DATA!K5-DATA!K4)/DATA!K4 -> 0.0073313118 | F4: =B3+F3 -> -0.010420413 | G4: =C3+G3 -> 0.0034807379 | H4: =D3+H3 -> 0.013160574 | I4: =E3+I3 -> 0.0043304454 | U4: =DATA!H4/DATA!J4 -> 0.40989705 | V4: =DATA!I4/DATA!J4 -> 3.1721358 | W4: =DATA!K4/DATA!J4 -> 2.8423728 | X4: =DATA!H4/$AB$1 -> 0.080181178 | Y4: =DATA!I4/$AB$1 -> 0.62051088 | Z4: =DATA!J4/$AB$1 -> 0.19561297 | AA4: =DATA!K4/$AB$1 -> 0.55600497
A5: 4 | B5: =(DATA!H6-DATA!H5)/DATA!H5 -> 0.03297536 | C5: =(DATA!I6-DATA!I5)/DATA!I5 -> 0.0099515468 | D5: =(DATA!J6-DATA!J5)/DATA!J5 -> 0.0060139873 | E5: =(DATA!K6-DATA!K5)/DATA!K5 -> 0.008625486 | F5: =B4+F4 -> 0.027140804 | G5: =C4+G4 -> 0.010398549 | H5: =D4+H4 -> 0.028308183 | I5: =E4+I4 -> 0.011661757 | U5: =DATA!H5/DATA!J5 -> 0.41894723 | V5: =DATA!I5/DATA!J5 -> 3.1464193 | W5: =DATA!K5/DATA!J5 -> 2.8204875 | X5: =DATA!H5/$AB$1 -> 0.08319288 | Y5: =DATA!I5/$AB$1 -> 0.62480346 | Z5: =DATA!J5/$AB$1 -> 0.19857603 | AA5: =DATA!K5/$AB$1 -> 0.56008122
A6: 5 | B6: =(DATA!H7-DATA!H6)/DATA!H6 -> 0.0066025278 | C6: =(DATA!I7-DATA!I6)/DATA!I6 -> 0.010487762 | D6: =(DATA!J7-DATA!J6)/DATA!J6 -> 0.0088813951 | E6: =(DATA!K7-DATA!K6)/DATA!K6 -> 0.009463652 | F6: =B5+F5 -> 0.060116165 | G6: =C5+G5 -> 0.020350095 | H6: =D5+H5 -> 0.03432217 | I6: =E5+I5 -> 0.020287243 | S6: =SLOPE(DATA!H2:H6,A2:A6)/AVERAGE(DATA!H2:H6) -> 0.013422115 | U6: =DATA!H6/DATA!J6 -> 0.4301751 | V6: =DATA!I6/DATA!J6 -> 3.1587344 | W6: =DATA!K6/DATA!J6 -> 2.8278091 | X6: =DATA!H6/$AB$1 -> 0.085936195 | Y6: =DATA!I6/$AB$1 -> 0.63102122 | Z6: =DATA!J6/$AB$1 -> 0.19977027 | AA6: =DATA!K6/$AB$1 -> 0.56491219
A7: 6 | B7: =(DATA!H8-DATA!H7)/DATA!H7 -> 0.0013743128 | C7: =(DATA!I8-DATA!I7)/DATA!I7 -> 0.0076961169 | D7: =(DATA!J8-DATA!J7)/DATA!J7 -> 0.0086244649 | E7: =(DATA!K8-DATA!K7)/DATA!K7 -> 0.0088884958 | F7: =B6+F6 -> 0.066718692 | G7: =C6+G6 -> 0.030837857 | H7: =D6+H6 -> 0.043203565 | I7: =E6+I6 -> 0.029750895 | S7: =SLOPE(DATA!H3:H7,A3:A7)/AVERAGE(DATA!H3:H7) -> 0.017884324 | U7: =DATA!H7/DATA!J7 -> 0.42920342 | V7: =DATA!I7/DATA!J7 -> 3.1637638 | W7: =DATA!K7/DATA!J7 -> 2.8294412 | X7: =DATA!H7/$AB$1 -> 0.086503592 | Y7: =DATA!I7/$AB$1 -> 0.63763922 | Z7: =DATA!J7/$AB$1 -> 0.20154451 | AA7: =DATA!K7/$AB$1 -> 0.57025832
A8: 7 | B8: =(DATA!H9-DATA!H8)/DATA!H8 -> -0.018652527 | C8: =(DATA!I9-DATA!I8)/DATA!I8 -> 0.0074130742 | D8: =(DATA!J9-DATA!J8)/DATA!J8 -> -0.002232934 | E8: =(DATA!K9-DATA!K8)/DATA!K8 -> 0.0086849529 | F8: =B7+F7 -> 0.068093005 | G8: =C7+G7 -> 0.038533974 | H8: =D7+H7 -> 0.05182803 | I8: =E7+I7 -> 0.038639391 | S8: =SLOPE(DATA!H4:H8,A4:A8)/AVERAGE(DATA!H4:H8) -> 0.019166564 | U8: =DATA!H8/DATA!J8 -> 0.42611824 | V8: =DATA!I8/DATA!J8 -> 3.1608519 | W8: =DATA!K8/DATA!J8 -> 2.8301818 | X8: =DATA!H8/$AB$1 -> 0.086622475 | Y8: =DATA!I8/$AB$1 -> 0.64254657 | Z8: =DATA!J8/$AB$1 -> 0.20328272 | AA8: =DATA!K8/$AB$1 -> 0.57532706
A9: 8 | B9: =(DATA!H10-DATA!H9)/DATA!H9 -> 0.019918208 | C9: =(DATA!I10-DATA!I9)/DATA!I9 -> 0.0080525259 | D9: =(DATA!J10-DATA!J9)/DATA!J9 -> 0.0086764236 | E9: =(DATA!K10-DATA!K9)/DATA!K9 -> 0.0091657691 | F9: =B8+F8 -> 0.049440479 | G9: =C8+G8 -> 0.045947048 | H9: =D8+H8 -> 0.049595096 | I9: =E8+I8 -> 0.047324344 | S9: =SLOPE(DATA!H5:H9,A5:A9)/AVERAGE(DATA!H5:H9) -> 0.0050484397 | U9: =DATA!H9/DATA!J9 -> 0.41910589 | V9: =DATA!I9/DATA!J9 -> 3.1914097 | W9: =DATA!K9/DATA!J9 -> 2.8611506 | X9: =DATA!H9/$AB$1 -> 0.085006747 | Y9: =DATA!I9/$AB$1 -> 0.64730981 | Z9: =DATA!J9/$AB$1 -> 0.2028288 | AA9: =DATA!K9/$AB$1 -> 0.58032375
A10: 9 | B10: =(DATA!H11-DATA!H10)/DATA!H10 -> -0.010491762 | C10: =(DATA!I11-DATA!I10)/DATA!I10 -> -0.0032322152 | D10: =(DATA!J11-DATA!J10)/DATA!J10 -> 0.0063126755 | E10: =(DATA!K11-DATA!K10)/DATA!K10 -> -0.0036108633 | F10: =B9+F9 -> 0.069358687 | G10: =C9+G9 -> 0.053999574 | H10: =D9+H9 -> 0.058271519 | I10: =E9+I9 -> 0.056490113 | S10: =SLOPE(DATA!H6:H10,A6:A10)/AVERAGE(DATA!H6:H10) -> 3.5542695e-05 | U10: =DATA!H10/DATA!J10 -> 0.42377686 | V10: =DATA!I10/DATA!J10 -> 3.1894357 | W10: =DATA!K10/DATA!J10 -> 2.8625386 | X10: =DATA!H10/$AB$1 -> 0.086699929 | Y10: =DATA!I10/$AB$1 -> 0.65252229 | Z10: =DATA!J10/$AB$1 -> 0.20458863 | AA10: =DATA!K10/$AB$1 -> 0.58564286
A11: 10 | B11: =(DATA!H12-DATA!H11)/DATA!H11 -> 0.04537247 | C11: =(DATA!I12-DATA!I11)/DATA!I11 -> 0.018122155 | D11: =(DATA!J12-DATA!J11)/DATA!J11 -> 0.025092303 | E11: =(DATA!K12-DATA!K11)/DATA!K11 -> 0.016946746 | F11: =B10+F10 -> 0.058866925 | G11: =C10+G10 -> 0.050767359 | H11: =D10+H10 -> 0.064584195 | I11: =E10+I10 -> 0.05287925 | S11: =SLOPE(DATA!H7:H11,A7:A11)/AVERAGE(DATA!H7:H11) -> -0.0015664999 | U11: =DATA!H11/DATA!J11 -> 0.4167002 | V11: =DATA!I11/DATA!J11 -> 3.1591839 | W11: =DATA!K11/DATA!J11 -> 2.8343103 | X11: =DATA!H11/$AB$1 -> 0.085790294 | Y11: =DATA!I11/$AB$1 -> 0.6504132 | Z11: =DATA!J11/$AB$1 -> 0.20588013 | AA11: =DATA!K11/$AB$1 -> 0.58352818
A12: 11 | B12: =(DATA!H13-DATA!H12)/DATA!H12 -> 0.011207295 | C12: =(DATA!I13-DATA!I12)/DATA!I12 -> 0.0057062482 | D12: =(DATA!J13-DATA!J12)/DATA!J12 -> 0.0085690388 | E12: =(DATA!K13-DATA!K12)/DATA!K12 -> 0.0056276294 | F12: =B11+F11 -> 0.10423939 | G12: =C11+G11 -> 0.068889514 | H12: =D11+H11 -> 0.089676497 | I12: =E11+I11 -> 0.069825996 | S12: =SLOPE(DATA!H8:H12,A8:A12)/AVERAGE(DATA!H8:H12) -> 0.0079577965 | U12: =DATA!H12/DATA!J12 -> 0.4249441 | V12: =DATA!I12/DATA!J12 -> 3.1377029 | W12: =DATA!K12/DATA!J12 -> 2.8117884 | X12: =DATA!H12/$AB$1 -> 0.089682811 | Y12: =DATA!I12/$AB$1 -> 0.66220009 | Z12: =DATA!J12/$AB$1 -> 0.21104614 | AA12: =DATA!K12/$AB$1 -> 0.59341709
A13: 12 | B13: =(DATA!H14-DATA!H13)/DATA!H13 -> 0.013605577 | C13: =(DATA!I14-DATA!I13)/DATA!I13 -> 0.015735271 | D13: =(DATA!J14-DATA!J13)/DATA!J13 -> 0.01852416 | E13: =(DATA!K14-DATA!K13)/DATA!K13 -> 0.0161968 | F13: =B12+F12 -> 0.11544669 | G13: =C12+G12 -> 0.074595762 | H13: =D12+H12 -> 0.098245536 | I13: =E12+I12 -> 0.075453625 | S13: =SLOPE(DATA!H9:H13,A9:A13)/AVERAGE(DATA!H9:H13) -> 0.016380764 | U13: =DATA!H13/DATA!J13 -> 0.42605568 | V13: =DATA!I13/DATA!J13 -> 3.1287966 | W13: =DATA!K13/DATA!J13 -> 2.8035881 | X13: =DATA!H13/$AB$1 -> 0.090687913 | Y13: =DATA!I13/$AB$1 -> 0.66597877 | Z13: =DATA!J13/$AB$1 -> 0.2128546 | AA13: =DATA!K13/$AB$1 -> 0.59675662
A14: 13 | B14: =(DATA!H15-DATA!H14)/DATA!H14 -> -0.012188431 | C14: =(DATA!I15-DATA!I14)/DATA!I14 -> 0.0039007029 | D14: =(DATA!J15-DATA!J14)/DATA!J14 -> -0.0032319976 | E14: =(DATA!K15-DATA!K14)/DATA!K14 -> 0.0060178337 | F14: =B13+F13 -> 0.12905227 | G14: =C13+G13 -> 0.090331033 | H14: =D13+H13 -> 0.1167697 | I14: =E13+I13 -> 0.091650425 | S14: =SLOPE(DATA!H10:H14,A10:A14)/AVERAGE(DATA!H10:H14) -> 0.017245848 | U14: =DATA!H14/DATA!J14 -> 0.42399821 | V14: =DATA!I14/DATA!J14 -> 3.1202295 | W14: =DATA!K14/DATA!J14 -> 2.7971818 | X14: =DATA!H14/$AB$1 -> 0.091921774 | Y14: =DATA!I14/$AB$1 -> 0.67645812 | Z14: =DATA!J14/$AB$1 -> 0.21679756 | AA14: =DATA!K14/$AB$1 -> 0.60642217
A15: 14 | B15: =(DATA!H16-DATA!H15)/DATA!H15 -> -0.0011505654 | C15: =(DATA!I16-DATA!I15)/DATA!I15 -> 0.01879778 | D15: =(DATA!J16-DATA!J15)/DATA!J15 -> 0.012653163 | E15: =(DATA!K16-DATA!K15)/DATA!K15 -> 0.020263248 | F15: =B14+F14 -> 0.11686384 | G15: =C14+G14 -> 0.094231736 | H15: =D14+H14 -> 0.1135377 | I15: =E14+I14 -> 0.097668259 | S15: =SLOPE(DATA!H11:H15,A11:A15)/AVERAGE(DATA!H11:H15) -> 0.013657376 | U15: =DATA!H15/DATA!J15 -> 0.42018838 | V15: =DATA!I15/DATA!J15 -> 3.1425573 | W15: =DATA!K15/DATA!J15 -> 2.8231391 | X15: =DATA!H15/$AB$1 -> 0.090801392 | Y15: =DATA!I15/$AB$1 -> 0.67909678 | Z15: =DATA!J15/$AB$1 -> 0.21609687 | AA15: =DATA!K15/$AB$1 -> 0.61007152
A16: 15 | B16: =(DATA!H17-DATA!H16)/DATA!H16 -> -0.039005402 | C16: =(DATA!I17-DATA!I16)/DATA!I16 -> -0.043648574 | D16: =(DATA!J17-DATA!J16)/DATA!J16 -> -0.039493613 | E16: =(DATA!K17-DATA!K16)/DATA!K16 -> -0.043448944 | F16: =B15+F15 -> 0.11571327 | G16: =C15+G15 -> 0.11302952 | H16: =D15+H15 -> 0.12619086 | I16: =E15+I15 -> 0.11793151 | S16: =SLOPE(DATA!H12:H16,A12:A16)/AVERAGE(DATA!H12:H16) -> 0.0023597825 | U16: =DATA!H16/DATA!J16 -> 0.41446069 | V16: =DATA!I16/DATA!J16 -> 3.1616258 | W16: =DATA!K16/DATA!J16 -> 2.844355 | X16: =DATA!H16/$AB$1 -> 0.090696919 | Y16: =DATA!I16/$AB$1 -> 0.6918623 | Z16: =DATA!J16/$AB$1 -> 0.21883117 | AA16: =DATA!K16/$AB$1 -> 0.62243355
A17: 16 | B17: =(DATA!H18-DATA!H17)/DATA!H17 -> -0.01806233 | C17: =(DATA!I18-DATA!I17)/DATA!I17 -> -0.0041343823 | D17: =(DATA!J18-DATA!J17)/DATA!J17 -> -0.03032822 | E17: =(DATA!K18-DATA!K17)/DATA!K17 -> -0.00055968851 | F17: =B16+F16 -> 0.076707868 | G17: =C16+G16 -> 0.069380942 | H17: =D16+H16 -> 0.086697249 | I17: =E16+I16 -> 0.074482563 | S17: =SLOPE(DATA!H13:H17,A13:A17)/AVERAGE(DATA!H13:H17) -> -0.0091765824 | U17: =DATA!H17/DATA!J17 -> 0.41467135 | V17: =DATA!I17/DATA!J17 -> 3.1479493 | W17: =DATA!K17/DATA!J17 -> 2.832642 | X17: =DATA!H17/$AB$1 -> 0.087159249 | Y17: =DATA!I17/$AB$1 -> 0.66166349 | Z17: =DATA!J17/$AB$1 -> 0.21018874 | AA17: =DATA!K17/$AB$1 -> 0.59538947
... A20: 19 | B20: =(DATA!H21-DATA!H20)/DATA!H20 -> 0.049993122 | C20: =(DATA!I21-DATA!I20)/DATA!I20 -> 0.016957517 | D20: =(DATA!J21-DATA!J20)/DATA!J20 -> 0.016649256 | E20: =(DATA!K21-DATA!K20)/DATA!K20 -> 0.017058436 | F20: =B19+F19 -> 0.12863552 | G20: =C19+G19 -> 0.03215436 | H20: =D19+H19 -> 0.011966114 | I20: =E19+I19 -> 0.042203218 | S20: =SLOPE(DATA!H16:H20,A16:A20)/AVERAGE(DATA!H16:H20) -> 0.0023330144 | U20: =DATA!H20/DATA!J20 -> 0.47042238 | V20: =DATA!I20/DATA!J20 -> 3.270758 | W20: =DATA!K20/DATA!J20 -> 2.9578453 | X20: =DATA!H20/$AB$1 -> 0.091660592 | Y20: =DATA!I20/$AB$1 -> 0.63729878 | Z20: =DATA!J20/$AB$1 -> 0.19484743 | AA20: =DATA!K20/$AB$1 -> 0.57632856
A21: 20 | B21: =(DATA!H22-DATA!H21)/DATA!H21 -> 0.046527297 | C21: =(DATA!I22-DATA!I21)/DATA!I21 -> 0.044031335 | D21: =(DATA!J22-DATA!J21)/DATA!J21 -> 0.0416553 | E21: =(DATA!K22-DATA!K21)/DATA!K21 -> 0.043869865 | F21: =B20+F20 -> 0.17862864 | G21: =C20+G20 -> 0.049111877 | H21: =D20+H20 -> 0.02861537 | I21: =E20+I20 -> 0.059261653 | J21: =CORREL(B2:B21,C2:C21) -> 0.49264293 | K21: =CORREL(B2:B21,D2:D21) -> 0.52571334 | L21: =CORREL(B2:B21,E2:E21) -> 0.46855035 | M21: =SLOPE(B2:B21,C2:C21) -> 0.75369198 | N21: =SLOPE(B2:B21,D2:D21) -> 0.71368051 | O21: =SLOPE(B2:B21,E2:E21) -> 0.72406987 | P21: =AVERAGE(B2:B21)-M21*AVERAGE(C2:C21) -> 0.0077477323 | Q21: =AVERAGE(B2:B21)-N21*AVERAGE(D2:D21) -> 0.0087502565 | R21: =AVERAGE(B2:B21)-O21*AVERAGE(E2:E21) -> 0.0075240756 | S21: =SLOPE(DATA!H17:H21,A17:A21)/AVERAGE(DATA!H17:H21) -> 0.027060446 | T21: =SLOPE(DATA!H2:H21,A2:A21)/AVERAGE(DATA!H2:H21) -> 0.006233839 | U21: =DATA!H21/DATA!J21 -> 0.4858512 | V21: =DATA!I21/DATA!J21 -> 3.2717497 | W21: =DATA!K21/DATA!J21 -> 2.9590358 | X21: =DATA!H21/$AB$1 -> 0.096242991 | Y21: =DATA!I21/$AB$1 -> 0.64810579 | Z21: =DATA!J21/$AB$1 -> 0.1980915 | AA21: =DATA!K21/$AB$1 -> 0.58615982
A22: 21 | B22: =(DATA!H23-DATA!H22)/DATA!H22 -> 0.03739471 | C22: =(DATA!I23-DATA!I22)/DATA!I22 -> 0.043626225 | D22: =(DATA!J23-DATA!J22)/DATA!J22 -> 0.038138885 | E22: =(DATA!K23-DATA!K22)/DATA!K22 -> 0.043839585 | F22: =B21+F21 -> 0.22515594 | G22: =C21+G21 -> 0.093143211 | H22: =D21+H21 -> 0.070270671 | I22: =E21+I21 -> 0.10313152 | J22: =CORREL(B3:B22,C3:C22) -> 0.52654108 | K22: =CORREL(B3:B22,D3:D22) -> 0.5567217 | L22: =CORREL(B3:B22,E3:E22) -> 0.50544827 | M22: =SLOPE(B3:B22,C3:C22) -> 0.73764953 | N22: =SLOPE(B3:B22,D3:D22) -> 0.71927365 | O22: =SLOPE(B3:B22,E3:E22) -> 0.71471425 | P22: =AVERAGE(B3:B22)-M22*AVERAGE(C3:C22) -> 0.0076370628 | Q22: =AVERAGE(B3:B22)-N22*AVERAGE(D3:D22) -> 0.0088780713 | R22: =AVERAGE(B3:B22)-O22*AVERAGE(E3:E22) -> 0.007457858 | S22: =SLOPE(DATA!H18:H22,A18:A22)/AVERAGE(DATA!H18:H22) -> 0.042490038 | T22: =SLOPE(DATA!H3:H22,A3:A22)/AVERAGE(DATA!H3:H22) -> 0.0072414523 | U22: =DATA!H22/DATA!J22 -> 0.48812361 | V22: =DATA!I22/DATA!J22 -> 3.2792126 | W22: =DATA!K22/DATA!J22 -> 2.9653267 | X22: =DATA!H22/$AB$1 -> 0.10072092 | Y22: =DATA!I22/$AB$1 -> 0.67664275 | Z22: =DATA!J22/$AB$1 -> 0.20634306 | AA22: =DATA!K22/$AB$1 -> 0.61187457
A23: 22 | B23: =(DATA!H24-DATA!H23)/DATA!H23 -> 0.034322852 | C23: =(DATA!I24-DATA!I23)/DATA!I23 -> 0.0098821952 | D23: =(DATA!J24-DATA!J23)/DATA!J23 -> 0.014000538 | E23: =(DATA!K24-DATA!K23)/DATA!K23 -> 0.0078204098 | F23: =B22+F22 -> 0.26255065 | G23: =C22+G22 -> 0.13676944 | H23: =D22+H22 -> 0.10840956 | I23: =E22+I22 -> 0.1469711 | J23: =CORREL(B4:B23,C4:C23) -> 0.5285555 | K23: =CORREL(B4:B23,D4:D23) -> 0.59723463 | L23: =CORREL(B4:B23,E4:E23) -> 0.50028424 | M23: =SLOPE(B4:B23,C4:C23) -> 0.71982559 | N23: =SLOPE(B4:B23,D4:D23) -> 0.74573652 | O23: =SLOPE(B4:B23,E4:E23) -> 0.68839252 | P23: =AVERAGE(B4:B23)-M23*AVERAGE(C4:C23) -> 0.010211792 | Q23: =AVERAGE(B4:B23)-N23*AVERAGE(D4:D23) -> 0.011291128 | R23: =AVERAGE(B4:B23)-O23*AVERAGE(E4:E23) -> 0.010185882 | S23: =SLOPE(DATA!H19:H23,A19:A23)/AVERAGE(DATA!H19:H23) -> 0.045214411 | T23: =SLOPE(DATA!H4:H23,A4:A23)/AVERAGE(DATA!H4:H23) -> 0.0086376548 | U23: =DATA!H23/DATA!J23 -> 0.4877737 | V23: =DATA!I23/DATA!J23 -> 3.2965457 | W23: =DATA!K23/DATA!J23 -> 2.9816101 | X23: =DATA!H23/$AB$1 -> 0.10448735 | Y23: =DATA!I23/$AB$1 -> 0.70616212 | Z23: =DATA!J23/$AB$1 -> 0.21421275 | AA23: =DATA!K23/$AB$1 -> 0.6386989
A24: 23 | B24: =(DATA!H25-DATA!H24)/DATA!H24 -> -0.0036167269 | C24: =(DATA!I25-DATA!I24)/DATA!I24 -> 0.0089229289 | D24: =(DATA!J25-DATA!J24)/DATA!J24 -> 0.011833583 | E24: =(DATA!K25-DATA!K24)/DATA!K24 -> 0.0071133149 | F24: =B23+F23 -> 0.2968735 | G24: =C23+G23 -> 0.14665163 | H24: =D23+H23 -> 0.12241009 | I24: =E23+I23 -> 0.15479151 | J24: =CORREL(B5:B24,C5:C24) -> 0.53035514 | K24: =CORREL(B5:B24,D5:D24) -> 0.57130299 | L24: =CORREL(B5:B24,E5:E24) -> 0.50567088 | M24: =SLOPE(B5:B24,C5:C24) -> 0.71615907 | N24: =SLOPE(B5:B24,D5:D24) -> 0.70971682 | O24: =SLOPE(B5:B24,E5:E24) -> 0.69004348 | P24: =AVERAGE(B5:B24)-M24*AVERAGE(C5:C24) -> 0.0081073426 | Q24: =AVERAGE(B5:B24)-N24*AVERAGE(D5:D24) -> 0.0095465883 | R24: =AVERAGE(B5:B24)-O24*AVERAGE(E5:E24) -> 0.0081220859 | S24: =SLOPE(DATA!H20:H24,A20:A24)/AVERAGE(DATA!H20:H24) -> 0.040973325 | T24: =SLOPE(DATA!H5:H24,A5:A24)/AVERAGE(DATA!H5:H24) -> 0.0098592936 | U24: =DATA!H24/DATA!J24 -> 0.49754953 | V24: =DATA!I24/DATA!J24 -> 3.2831568 | W24: =DATA!K24/DATA!J24 -> 2.9634378 | X24: =DATA!H24/$AB$1 -> 0.10807365 | Y24: =DATA!I24/$AB$1 -> 0.71314055 | Z24: =DATA!J24/$AB$1 -> 0.21721184 | AA24: =DATA!K24/$AB$1 -> 0.64369379
A25: 24 | B25: =(DATA!H26-DATA!H25)/DATA!H25 -> -0.0028603928 | C25: =(DATA!I26-DATA!I25)/DATA!I25 -> 0.026329512 | D25: =(DATA!J26-DATA!J25)/DATA!J25 -> 0.032766195 | E25: =(DATA!K26-DATA!K25)/DATA!K25 -> 0.024706863 | F25: =B24+F24 -> 0.29325677 | G25: =C24+G24 -> 0.15557456 | H25: =D24+H24 -> 0.13424368 | I25: =E24+I24 -> 0.16190483 | J25: =CORREL(B6:B25,C6:C25) -> 0.48782963 | K25: =CORREL(B6:B25,D6:D25) -> 0.51439827 | L25: =CORREL(B6:B25,E6:E25) -> 0.4712441 | M25: =SLOPE(B6:B25,C6:C25) -> 0.63867458 | N25: =SLOPE(B6:B25,D6:D25) -> 0.60884191 | O25: =SLOPE(B6:B25,E6:E25) -> 0.62581758 | P25: =AVERAGE(B6:B25)-M25*AVERAGE(C6:C25) -> 0.0063549898 | Q25: =AVERAGE(B6:B25)-N25*AVERAGE(D6:D25) -> 0.0074747191 | R25: =AVERAGE(B6:B25)-O25*AVERAGE(E6:E25) -> 0.0063095726 | S25: =SLOPE(DATA!H21:H25,A21:A25)/AVERAGE(DATA!H21:H25) -> 0.029226467 | T25: =SLOPE(DATA!H6:H25,A6:A25)/AVERAGE(DATA!H6:H25) -> 0.011064659 | U25: =DATA!H25/DATA!J25 -> 0.48995214 | V25: =DATA!I25/DATA!J25 -> 3.2737125 | W25: =DATA!K25/DATA!J25 -> 2.9496132 | X25: =DATA!H25/$AB$1 -> 0.10768278 | Y25: =DATA!I25/$AB$1 -> 0.71950385 | Z25: =DATA!J25/$AB$1 -> 0.21978224 | AA25: =DATA!K25/$AB$1 -> 0.64827259
A26: 25 | B26: =(DATA!H27-DATA!H26)/DATA!H26 -> -0.0091258325 | C26: =(DATA!I27-DATA!I26)/DATA!I26 -> 0.0017855292 | D26: =(DATA!J27-DATA!J26)/DATA!J26 -> 0.0061342391 | E26: =(DATA!K27-DATA!K26)/DATA!K26 -> 0.0014533938 | F26: =B25+F25 -> 0.29039638 | G26: =C25+G25 -> 0.18190407 | H26: =D25+H25 -> 0.16700987 | I26: =E25+I25 -> 0.18661169 | J26: =CORREL(B7:B26,C7:C26) -> 0.49318137 | K26: =CORREL(B7:B26,D7:D26) -> 0.50862855 | L26: =CORREL(B7:B26,E7:E26) -> 0.47725625 | M26: =SLOPE(B7:B26,C7:C26) -> 0.65413449 | N26: =SLOPE(B7:B26,D7:D26) -> 0.61129388 | O26: =SLOPE(B7:B26,E7:E26) -> 0.64150806 | P26: =AVERAGE(B7:B26)-M26*AVERAGE(C7:C26) -> 0.0057283129 | Q26: =AVERAGE(B7:B26)-N26*AVERAGE(D7:D26) -> 0.0067559998 | R26: =AVERAGE(B7:B26)-O26*AVERAGE(E7:E26) -> 0.0056496013 | S26: =SLOPE(DATA!H22:H26,A22:A26)/AVERAGE(DATA!H22:H26) -> 0.015617915 | T26: =SLOPE(DATA!H7:H26,A7:A26)/AVERAGE(DATA!H7:H26) -> 0.012280864 | U26: =DATA!H26/DATA!J26 -> 0.47305061 | V26: =DATA!I26/DATA!J26 -> 3.2533092 | W26: =DATA!K26/DATA!J26 -> 2.9265955 | X26: =DATA!H26/$AB$1 -> 0.10737476 | Y26: =DATA!I26/$AB$1 -> 0.73844804 | Z26: =DATA!J26/$AB$1 -> 0.22698367 | AA26: =DATA!K26/$AB$1 -> 0.66428937
A27: 26 | B27: =(DATA!H28-DATA!H27)/DATA!H27 -> -0.013611661 | C27: =(DATA!I28-DATA!I27)/DATA!I27 -> -0.0021590257 | D27: =(DATA!J28-DATA!J27)/DATA!J27 -> 0.010277079 | E27: =(DATA!K28-DATA!K27)/DATA!K27 -> -0.0043700992 | F27: =B26+F26 -> 0.28127055 | G27: =C26+G26 -> 0.1836896 | H27: =D26+H26 -> 0.17314411 | I27: =E26+I26 -> 0.18806508 | J27: =CORREL(B8:B27,C8:C27) -> 0.50403866 | K27: =CORREL(B8:B27,D8:D27) -> 0.49274181 | L27: =CORREL(B8:B27,E8:E27) -> 0.49367992 | M27: =SLOPE(B8:B27,C8:C27) -> 0.67684155 | N27: =SLOPE(B8:B27,D8:D27) -> 0.60288262 | O27: =SLOPE(B8:B27,E8:E27) -> 0.6694556 | P27: =AVERAGE(B8:B27)-M27*AVERAGE(C8:C27) -> 0.005138992 | Q27: =AVERAGE(B8:B27)-N27*AVERAGE(D8:D27) -> 0.0060115326 | R27: =AVERAGE(B8:B27)-O27*AVERAGE(E8:E27) -> 0.0051228801 | S27: =SLOPE(DATA!H23:H27,A23:A27)/AVERAGE(DATA!H23:H27) -> 0.002917694 | T27: =SLOPE(DATA!H8:H27,A8:A27)/AVERAGE(DATA!H8:H27) -> 0.013083995 | U27: =DATA!H27/DATA!J27 -> 0.46587584 | V27: =DATA!I27/DATA!J27 -> 3.2392477 | W27: =DATA!K27/DATA!J27 -> 2.91298 | X27: =DATA!H27/$AB$1 -> 0.10639488 | Y27: =DATA!I27/$AB$1 -> 0.73976656 | Z27: =DATA!J27/$AB$1 -> 0.22837604 | AA27: =DATA!K27/$AB$1 -> 0.66525484
A28: 27 | B28: =(DATA!H29-DATA!H28)/DATA!H28 -> -0.020184337 | C28: =(DATA!I29-DATA!I28)/DATA!I28 -> -0.0092699553 | D28: =(DATA!J29-DATA!J28)/DATA!J28 -> 0.010383324 | E28: =(DATA!K29-DATA!K28)/DATA!K28 -> -0.0098718025 | F28: =B27+F27 -> 0.26765889 | G28: =C27+G27 -> 0.18153058 | H28: =D27+H27 -> 0.18342119 | I28: =E27+I27 -> 0.18369499 | J28: =CORREL(B9:B28,C9:C28) -> 0.54245137 | K28: =CORREL(B9:B28,D9:D28) -> 0.46024372 | L28: =CORREL(B9:B28,E9:E28) -> 0.53726893 | M28: =SLOPE(B9:B28,C9:C28) -> 0.71879092 | N28: =SLOPE(B9:B28,D9:D28) -> 0.56718691 | O28: =SLOPE(B9:B28,E9:E28) -> 0.71784106 | P28: =AVERAGE(B9:B28)-M28*AVERAGE(C9:C28) -> 0.0053620511 | Q28: =AVERAGE(B9:B28)-N28*AVERAGE(D9:D28) -> 0.0058120188 | R28: =AVERAGE(B9:B28)-O28*AVERAGE(E9:E28) -> 0.0053614005 | S28: =SLOPE(DATA!H24:H28,A24:A28)/AVERAGE(DATA!H24:H28) -> -0.0070554256 | T28: =SLOPE(DATA!H9:H28,A9:A28)/AVERAGE(DATA!H9:H28) -> 0.01336859 | U28: =DATA!H28/DATA!J28 -> 0.45485986 | V28: =DATA!I28/DATA!J28 -> 3.1993739 | W28: =DATA!K28/DATA!J28 -> 2.8707471 | X28: =DATA!H28/$AB$1 -> 0.10494667 | Y28: =DATA!I28/$AB$1 -> 0.73816939 | Z28: =DATA!J28/$AB$1 -> 0.23072308 | AA28: =DATA!K28/$AB$1 -> 0.66234761
A29: 28 | B29: =(DATA!H30-DATA!H29)/DATA!H29 -> 0.018270359 | C29: =(DATA!I30-DATA!I29)/DATA!I29 -> 0.012814005 | D29: =(DATA!J30-DATA!J29)/DATA!J29 -> 0.018776078 | E29: =(DATA!K30-DATA!K29)/DATA!K29 -> 0.012810231 | F29: =B28+F28 -> 0.24747455 | G29: =C28+G28 -> 0.17226062 | H29: =D28+H28 -> 0.19380451 | I29: =E28+I28 -> 0.17382318 | J29: =CORREL(B10:B29,C10:C29) -> 0.54533447 | K29: =CORREL(B10:B29,D10:D29) -> 0.46495813 | L29: =CORREL(B10:B29,E10:E29) -> 0.53923996 | M29: =SLOPE(B10:B29,C10:C29) -> 0.72006264 | N29: =SLOPE(B10:B29,D10:D29) -> 0.56840473 | O29: =SLOPE(B10:B29,E10:E29) -> 0.71812501 | P29: =AVERAGE(B10:B29)-M29*AVERAGE(C10:C29) -> 0.0051001988 | Q29: =AVERAGE(B10:B29)-N29*AVERAGE(D10:D29) -> 0.0054338108 | R29: =AVERAGE(B10:B29)-O29*AVERAGE(E10:E29) -> 0.0051463532 | S29: =SLOPE(DATA!H25:H29,A25:A29)/AVERAGE(DATA!H25:H29) -> -0.011466594 | T29: =SLOPE(DATA!H10:H29,A10:A29)/AVERAGE(DATA!H10:H29) -> 0.012781847 | U29: =DATA!H29/DATA!J29 -> 0.44109875 | V29: =DATA!I29/DATA!J29 -> 3.1371419 | W29: =DATA!K29/DATA!J29 -> 2.8131973 | X29: =DATA!H29/$AB$1 -> 0.10282839 | Y29: =DATA!I29/$AB$1 -> 0.73132659 | Z29: =DATA!J29/$AB$1 -> 0.23311875 | AA29: =DATA!K29/$AB$1 -> 0.65580905
A30: 29 | B30: =(DATA!H31-DATA!H30)/DATA!H30 -> -0.010442113 | C30: =(DATA!I31-DATA!I30)/DATA!I30 -> 0.014081318 | D30: =(DATA!J31-DATA!J30)/DATA!J30 -> 0.027993932 | E30: =(DATA!K31-DATA!K30)/DATA!K30 -> 0.014334993 | F30: =B29+F29 -> 0.26574491 | G30: =C29+G29 -> 0.18507463 | H30: =D29+H29 -> 0.21258059 | I30: =E29+I29 -> 0.18663341 | J30: =CORREL(B11:B30,C11:C30) -> 0.51332673 | K30: =CORREL(B11:B30,D11:D30) -> 0.41716076 | L30: =CORREL(B11:B30,E11:E30) -> 0.50580246 | M30: =SLOPE(B11:B30,C11:C30) -> 0.68009103 | N30: =SLOPE(B11:B30,D11:D30) -> 0.49954834 | O30: =SLOPE(B11:B30,E11:E30) -> 0.67604982 | P30: =AVERAGE(B11:B30)-M30*AVERAGE(C11:C30) -> 0.0047759063 | Q30: =AVERAGE(B11:B30)-N30*AVERAGE(D11:D30) -> 0.0054260098 | R30: =AVERAGE(B11:B30)-O30*AVERAGE(E11:E30) -> 0.0048160112 | S30: =SLOPE(DATA!H26:H30,A26:A30)/AVERAGE(DATA!H26:H30) -> -0.0084577523 | T30: =SLOPE(DATA!H11:H30,A11:A30)/AVERAGE(DATA!H11:H30) -> 0.012481511 | U30: =DATA!H30/DATA!J30 -> 0.44087979 | V30: =DATA!I30/DATA!J30 -> 3.1187827 | W30: =DATA!K30/DATA!J30 -> 2.7967235 | X30: =DATA!H30/$AB$1 -> 0.1047071 | Y30: =DATA!I30/$AB$1 -> 0.74069781 | Z30: =DATA!J30/$AB$1 -> 0.23749581 | AA30: =DATA!K30/$AB$1 -> 0.66421011
A31: 30 | B31: =(DATA!H32-DATA!H31)/DATA!H31 -> 0.005006693 | C31: =(DATA!I32-DATA!I31)/DATA!I31 -> 0.0031429113 | D31: =(DATA!J32-DATA!J31)/DATA!J31 -> 0.013221092 | E31: =(DATA!K32-DATA!K31)/DATA!K31 -> 0.0029997273 | F31: =B30+F30 -> 0.2553028 | G31: =C30+G30 -> 0.19915594 | H31: =D30+H30 -> 0.24057452 | I31: =E30+I30 -> 0.20096841 | J31: =CORREL(B12:B31,C12:C31) -> 0.50384827 | K31: =CORREL(B12:B31,D12:D31) -> 0.38664344 | L31: =CORREL(B12:B31,E12:E31) -> 0.49926377 | M31: =SLOPE(B12:B31,C12:C31) -> 0.63895794 | N31: =SLOPE(B12:B31,D12:D31) -> 0.446063 | O31: =SLOPE(B12:B31,E12:E31) -> 0.63772537 | P31: =AVERAGE(B12:B31)-M31*AVERAGE(C12:C31) -> 0.0035413569 | Q31: =AVERAGE(B12:B31)-N31*AVERAGE(D12:D31) -> 0.0041431314 | R31: =AVERAGE(B12:B31)-O31*AVERAGE(E12:E31) -> 0.0035262125 | S31: =SLOPE(DATA!H27:H31,A27:A31)/AVERAGE(DATA!H27:H31) -> -0.0055521081 | T31: =SLOPE(DATA!H12:H31,A12:A31)/AVERAGE(DATA!H12:H31) -> 0.011603394 | U31: =DATA!H31/DATA!J31 -> 0.42439557 | V31: =DATA!I31/DATA!J31 -> 3.0765739 | W31: =DATA!K31/DATA!J31 -> 2.7595635 | X31: =DATA!H31/$AB$1 -> 0.10361374 | Y31: =DATA!I31/$AB$1 -> 0.75112781 | Z31: =DATA!J31/$AB$1 -> 0.24414425 | AA31: =DATA!K31/$AB$1 -> 0.67373156
A32: 31 | B32: =(DATA!H33-DATA!H32)/DATA!H32 -> -0.02755531 | C32: =(DATA!I33-DATA!I32)/DATA!I32 -> 0.0056309577 | D32: =(DATA!J33-DATA!J32)/DATA!J32 -> 0.0065679771 | E32: =(DATA!K33-DATA!K32)/DATA!K32 -> 0.0048726396 | F32: =B31+F31 -> 0.26030949 | G32: =C31+G31 -> 0.20229886 | H32: =D31+H31 -> 0.25379562 | I32: =E31+I31 -> 0.20396813 | J32: =CORREL(B13:B32,C13:C32) -> 0.48564256 | K32: =CORREL(B13:B32,D13:D32) -> 0.37433355 | L32: =CORREL(B13:B32,E13:E32) -> 0.48390137 | M32: =SLOPE(B13:B32,C13:C32) -> 0.64412106 | N32: =SLOPE(B13:B32,D13:D32) -> 0.4516188 | O32: =SLOPE(B13:B32,E13:E32) -> 0.64636962 | P32: =AVERAGE(B13:B32)-M32*AVERAGE(C13:C32) -> 0.0015712111 | Q32: =AVERAGE(B13:B32)-N32*AVERAGE(D13:D32) -> 0.0022045964 | R32: =AVERAGE(B13:B32)-O32*AVERAGE(E13:E32) -> 0.0015545045 | S32: =SLOPE(DATA!H28:H32,A28:A32)/AVERAGE(DATA!H28:H32) -> -0.00081021003 | T32: =SLOPE(DATA!H13:H32,A13:A32)/AVERAGE(DATA!H13:H32) -> 0.011187335 | U32: =DATA!H32/DATA!J32 -> 0.42095491 | V32: =DATA!I32/DATA!J32 -> 3.0459722 | W32: =DATA!K32/DATA!J32 -> 2.7317251 | X32: =DATA!H32/$AB$1 -> 0.1041325 | Y32: =DATA!I32/$AB$1 -> 0.75348854 | Z32: =DATA!J32/$AB$1 -> 0.2473721 | AA32: =DATA!K32/$AB$1 -> 0.67575257
... A60: 59 | B60: =(DATA!H61-DATA!H60)/DATA!H60 -> -0.05 | C60: =(DATA!I61-DATA!I60)/DATA!I60 -> -0.026994261 | D60: =(DATA!J61-DATA!J60)/DATA!J60 -> -0.013990164 | E60: =(DATA!K61-DATA!K60)/DATA!K60 -> -0.030042975 | F60: =B59+F59 -> 0.37130117 | G60: =C59+G59 -> 0.45211331 | H60: =D59+H59 -> 0.53415405 | I60: =E59+I59 -> 0.45694636 | J60: =CORREL(B41:B60,C41:C60) -> 0.0015502225 | K60: =CORREL(B41:B60,D41:D60) -> 0.038900367 | L60: =CORREL(B41:B60,E41:E60) -> 0.036333947 | M60: =SLOPE(B41:B60,C41:C60) -> 0.0026708722 | N60: =SLOPE(B41:B60,D41:D60) -> 0.078269006 | O60: =SLOPE(B41:B60,E41:E60) -> 0.061541523 | P60: =AVERAGE(B41:B60)-M60*AVERAGE(C41:C60) -> 0.00071332241 | Q60: =AVERAGE(B41:B60)-N60*AVERAGE(D41:D60) -> -2.9556329e-05 | R60: =AVERAGE(B41:B60)-O60*AVERAGE(E41:E60) -> 0.00028206204 | S60: =SLOPE(DATA!H56:H60,A56:A60)/AVERAGE(DATA!H56:H60) -> -0.0425835 | T60: =SLOPE(DATA!H41:H60,A41:A60)/AVERAGE(DATA!H41:H60) -> 0.0034532241 | U60: =DATA!H60/DATA!J60 -> 0.35221307 | V60: =DATA!I60/DATA!J60 -> 2.9528563 | W60: =DATA!K60/DATA!J60 -> 2.65649 | X60: =DATA!H60/$AB$1 -> 0.11481215 | Y60: =DATA!I60/$AB$1 -> 0.96255312 | Z60: =DATA!J60/$AB$1 -> 0.32597358 | AA60: =DATA!K60/$AB$1 -> 0.86594555
A61: 60 | F61: =B60+F60 -> 0.32130117 | G61: =C60+G60 -> 0.42511905 | H61: =D60+H60 -> 0.52016389 | I61: =E60+I60 -> 0.42690338 | S61: =SLOPE(DATA!H57:H61,A57:A61)/AVERAGE(DATA!H57:H61) -> -0.04401183 | T61: =SLOPE(DATA!H42:H61,A42:A61)/AVERAGE(DATA!H42:H61) -> -0.00084953338 | U61: =DATA!H61/DATA!J61 -> 0.33934998 | V61: =DATA!I61/DATA!J61 -> 2.9139122 | W61: =DATA!K61/DATA!J61 -> 2.6132408 | X61: =DATA!H61/$AB$1 -> 0.10907155 | Y61: =DATA!I61/$AB$1 -> 0.93656971 | Z61: =DATA!J61/$AB$1 -> 0.32141315 | AA61: =DATA!K61/$AB$1 -> 0.83992997

Sheet حجم
B1: Cell Num. | C1: حقیقی | D1: حقوقی | E1: میانگین حقیقی | F1: میانگین حقوقی | G1: حقیقی تجمعی | H1: حقوقی تجمعی | I1: حجم معاملات | J1: میانگین حجم معاملات | K1: ارزش معاملات | L1: میانگین ارزش معاملات
A2: 1 | B2: =B3+9 -> 535 | C2: =DATA!C535-DATA!E535 -> -1334000 | D2: =DATA!D535-DATA!F535 -> 1333502 | G2: =C2 -> -1334000 | H2: =D2 -> 1333502 | I2: =DATA!C535+DATA!D535 -> 4719000 | K2: =I2*H2 -> 6292795938000
A3: 2 | B3: =B4+9 -> 526 | C3: =DATA!C526-DATA!E526 -> -600000 | D3: =DATA!D526-DATA!F526 -> 600116 | G3: =G2+C3 -> -1934000 | H3: =H2+D3 -> 1933618 | I3: =DATA!C526+DATA!D526 -> 4284116 | K3: =I3*H3 -> 8283843811688
A4: 3 | B4: =B5+9 -> 517 | C4: =DATA!C517-DATA!E517 -> -2114000 | D4: =DATA!D517-DATA!F517 -> 2112848 | G4: =G3+C4 -> -4048000 | H4: =H3+D4 -> 4046466 | I4: =DATA!C517+DATA!D517 -> 4306000 | K4: =I4*H4 -> 17424082596000
A5: 4 | B5: =B6+9 -> 508 | C5: =DATA!C508-DATA!E508 -> -782000 | D5: =DATA!D508-DATA!F508 -> 782738 | G5: =G4+C5 -> -4830000 | H5: =H4+D5 -> 4829204 | I5: =DATA!C508+DATA!D508 -> 4826000 | K5: =I5*H5 -> 23305738504000
A6: 5 | B6: =B7+9 -> 499 | C6: =DATA!C499-DATA!E499 -> 134000 | D6: =DATA!D499-DATA!F499 -> -134189 | G6: =G5+C6 -> -4696000 | H6: =H5+D6 -> 4695015 | I6: =DATA!C499+DATA!D499 -> 2589428 | K6: =I6*H6 -> 12157403301420
A7: 6 | B7: =B8+9 -> 490 | C7: =DATA!C490-DATA!E490 -> -1221000 | D7: =DATA!D490-DATA!F490 -> 1220923 | G7: =G6+C7 -> -5917000 | H7: =H6+D7 -> 5915938 | I7: =DATA!C490+DATA!D490 -> 4030000 | K7: =I7*H7 -> 23841230140000
A8: 7 | B8: =B9+9 -> 481 | C8: =DATA!C481-DATA!E481 -> -154000 | D8: =DATA!D481-DATA!F481 -> 154501 | G8: =G7+C8 -> -6071000 | H8: =H7+D8 -> 6070439 | I8: =DATA!C481+DATA!D481 -> 2407607 | K8: =I8*H8 -> 14615231429473
A9: 8 | B9: =B10+9 -> 472 | C9: =DATA!C472-DATA!E472 -> -278000 | D9: =DATA!D472-DATA!F472 -> 278008 | G9: =G8+C9 -> -6349000 | H9: =H8+D9 -> 6348447 | I9: =DATA!C472+DATA!D472 -> 2218822 | K9: =I9*H9 -> 14086073869434
A10: 9 | B10: =B11+9 -> 463 | C10: =DATA!C463-DATA!E463 -> 265000 | D10: =DATA!D463-DATA!F463 -> -264654 | G10: =G9+C10 -> -6084000 | H10: =H9+D10 -> 6083793 | I10: =DATA!C463+DATA!D463 -> 2329062 | K10: =I10*H10 -> 14169531092166
A11: 10 | B11: =B12+9 -> 454 | C11: =DATA!C454-DATA!E454 -> -769000 | D11: =DATA!D454-DATA!F454 -> 769172 | G11: =G10+C11 -> -6853000 | H11: =H10+D11 -> 6852965 | I11: =DATA!C454+DATA!D454 -> 3442000 | K11: =I11*H11 -> 23587905530000
A12: 11 | B12: =B13+9 -> 445 | C12: =DATA!C445-DATA!E445 -> -1190000 | D12: =DATA!D445-DATA!F445 -> 1190000 | G12: =G11+C12 -> -8043000 | H12: =H11+D12 -> 8042965 | I12: =DATA!C445+DATA!D445 -> 7547000 | K12: =I12*H12 -> 60700256855000
A13: 12 | B13: =B14+9 -> 436 | C13: =DATA!C436-DATA!E436 -> -583000 | D13: =DATA!D436-DATA!F436 -> 582800 | G13: =G12+C13 -> -8626000 | H13: =H12+D13 -> 8625765 | I13: =DATA!C436+DATA!D436 -> 2755810 | K13: =I13*H13 -> 23770969444650
A14: 13 | B14: =B15+9 -> 427 | C14: =DATA!C427-DATA!E427 -> -932000 | D14: =DATA!D427-DATA!F427 -> 931566 | G14: =G13+C14 -> -9558000 | H14: =H13+D14 -> 9557331 | I14: =DATA!C427+DATA!D427 -> 2665000 | K14: =I14*H14 -> 25470287115000
A15: 14 | B15: =B16+9 -> 418 | C15: =DATA!C418-DATA!E418 -> -9114000 | D15: =DATA!D418-DATA!F418 -> 9115000 | G15: =G14+C15 -> -18672000 | H15: =H14+D15 -> 18672331 | I15: =DATA!C418+DATA!D418 -> 14413000 | K15: =I15*H15 -> 269124306703000
A16: 15 | B16: =B17+9 -> 409 | C16: =DATA!C409-DATA!E409 -> -6591000 | D16: =DATA!D409-DATA!F409 -> 6591000 | G16: =G15+C16 -> -25263000 | H16: =H15+D16 -> 25263331 | I16: =DATA!C409+DATA!D409 -> 11516000 | K16: =I16*H16 -> 290932519796000
A17: 16 | B17: =B18+9 -> 400 | C17: =DATA!C400-DATA!E400 -> -5064000 | D17: =DATA!D400-DATA!F400 -> 5064168 | G17: =G16+C17 -> -30327000 | H17: =H16+D17 -> 30327499 | I17: =DATA!C400+DATA!D5400 -> 2291000 | K17: =I17*H17 -> 69480300209000
A18: 17 | B18: =B19+9 -> 391 | C18: =DATA!C391-DATA!E391 -> -2475000 | D18: =DATA!D391-DATA!F391 -> 2474000 | G18: =G17+C18 -> -32802000 | H18: =H17+D18 -> 32801499 | I18: =DATA!C391+DATA!D391 -> 9387000 | K18: =I18*H18 -> 307907671113000
A19: 18 | B19: =B20+9 -> 382 | C19: =DATA!C382-DATA!E382 -> 176933 | D19: =DATA!D382-DATA!F382 -> -176933 | G19: =G18+C19 -> -32625067 | H19: =H18+D19 -> 32624566 | I19: =DATA!C382+DATA!D382 -> 220544 | K19: =I19*H19 -> 7195152283904
A20: 19 | B20: =B21+9 -> 373 | C20: =DATA!C373-DATA!E373 -> 260803 | D20: =DATA!D373-DATA!F373 -> -260803 | G20: =G19+C20 -> -32364264 | H20: =H19+D20 -> 32363763 | I20: =DATA!C373+DATA!D373 -> 447477 | K20: =I20*H20 -> 14482039575951
A21: 20 | B21: =B22+9 -> 364 | C21: =DATA!C364-DATA!E364 -> 1229341 | D21: =DATA!D364-DATA!F364 -> -1229000 | E21: =AVERAGE(C2:C21) -> -1556746.1 | F21: =AVERAGE(D2:D21) -> 1556738.1 | G21: =G20+C21 -> -31134923 | H21: =H20+D21 -> 31134763 | I21: =DATA!C364+DATA!D364 -> 1821000 | J21: =AVERAGE(I2:I21) -> 4410793.3 | K21: =I21*H21 -> 56696403423000 | L21: =AVERAGE(K2:K21) -> 6.4176187e+13
A22: 21 | B22: 355 | C22: =DATA!C355-DATA!E355 -> 4245000 | D22: =DATA!D355-DATA!F355 -> -4245000 | E22: =AVERAGE(C3:C22) -> -1277796.1 | F22: =AVERAGE(D3:D22) -> 1277813.1 | G22: =G21+C22 -> -26889923 | H22: =H21+D22 -> 26889763 | I22: =DATA!C355+DATA!D355 -> 13180000 | J22: =AVERAGE(I3:I22) -> 4833843.3 | K22: =I22*H22 -> 354407076340000 | L22: =AVERAGE(K3:K22) -> 8.1581901e+13
A23: 22 | B23: 346 | C23: =DATA!C346-DATA!E346 -> -379000 | D23: =DATA!D346-DATA!F346 -> 379000 | E23: =AVERAGE(C4:C23) -> -1266746.1 | F23: =AVERAGE(D4:D23) -> 1266757.2 | G23: =G22+C23 -> -27268923 | H23: =H22+D23 -> 27268763 | I23: =DATA!C346+DATA!D346 -> 6859000 | J23: =AVERAGE(I4:I23) -> 4962587.5 | K23: =I23*H23 -> 187036445417000 | L23: =AVERAGE(K4:K23) -> 9.0519531e+13
A24: 23 | B24: 337 | C24: =DATA!C337-DATA!E337 -> 735000 | D24: =DATA!D337-DATA!F337 -> -735000 | E24: =AVERAGE(C5:C24) -> -1124296.1 | F24: =AVERAGE(D5:D24) -> 1124364.9 | G24: =G23+C24 -> -26533923 | H24: =H23+D24 -> 26533763 | I24: =DATA!C337+DATA!D337 -> 9395000 | J24: =AVERAGE(I5:I24) -> 5217037.5 | K24: =I24*H24 -> 249284703385000 | L24: =AVERAGE(K5:K24) -> 1.0211256e+14
A25: 24 | B25: 328 | C25: =DATA!C328-DATA!E328 -> -853000 | D25: =DATA!D328-DATA!F328 -> 853000 | E25: =AVERAGE(C6:C25) -> -1127846.1 | F25: =AVERAGE(D6:D25) -> 1127877.9 | G25: =G24+C25 -> -27386923 | H25: =H24+D25 -> 27386763 | I25: =DATA!C328+DATA!D328 -> 4376000 | J25: =AVERAGE(I6:I25) -> 5194537.5 | K25: =I25*H25 -> 119844474888000 | L25: =AVERAGE(K6:K25) -> 1.069395e+14
A26: 25 | B26: 319 | C26: =DATA!C319-DATA!E319 -> -1618000 | D26: =DATA!D319-DATA!F319 -> 1619000 | E26: =AVERAGE(C7:C26) -> -1215446.1 | F26: =AVERAGE(D7:D26) -> 1215537.4 | G26: =G25+C26 -> -29004923 | H26: =H25+D26 -> 29005763 | I26: =DATA!C319+DATA!D319 -> 8617000 | J26: =AVERAGE(I7:I26) -> 5495916.1 | K26: =I26*H26 -> 249942659771000 | L26: =AVERAGE(K7:K26) -> 1.1882876e+14
A27: 26 | B27: 310 | C27: =DATA!C310-DATA!E310 -> -2335000 | D27: =DATA!D310-DATA!F310 -> 2335000 | E27: =AVERAGE(C8:C27) -> -1271146.1 | F27: =AVERAGE(D8:D27) -> 1271241.2 | G27: =G26+C27 -> -31339923 | H27: =H26+D27 -> 31340763 | I27: =DATA!C310+DATA!D310 -> 9826000 | J27: =AVERAGE(I8:I27) -> 5785716.1 | K27: =I27*H27 -> 307954337238000 | L27: =AVERAGE(K8:K27) -> 1.3303442e+14
A28: 27 | B28: 301 | C28: =DATA!C301-DATA!E301 -> -162000 | D28: =DATA!D301-DATA!F301 -> 162000 | E28: =AVERAGE(C9:C28) -> -1271546.1 | F28: =AVERAGE(D9:D28) -> 1271616.2 | G28: =G27+C28 -> -31501923 | H28: =H27+D28 -> 31502763 | I28: =DATA!C301+DATA!D301 -> 3911000 | J28: =AVERAGE(I9:I28) -> 5860885.8 | K28: =I28*H28 -> 123207306093000 | L28: =AVERAGE(K9:K28) -> 1.3846402e+14
A29: 28 | B29: 292 | C29: =DATA!C292-DATA!E292 -> 72000 | D29: =DATA!D292-DATA!F292 -> -71682 | E29: =AVERAGE(C10:C29) -> -1254046.1 | F29: =AVERAGE(D10:D29) -> 1254131.7 | G29: =G28+C29 -> -31429923 | H29: =H28+D29 -> 31431081 | I29: =DATA!C292+DATA!D292 -> 3627321 | J29: =AVERAGE(I10:I29) -> 5931310.7 | K29: =I29*H29 -> 114010620164001 | L29: =AVERAGE(K10:K29) -> 1.4346025e+14
A30: 29 | B30: 283 | C30: =DATA!C283-DATA!E283 -> 1500000 | D30: =DATA!D283-DATA!F283 -> -1500602 | E30: =AVERAGE(C11:C30) -> -1192296.1 | F30: =AVERAGE(D11:D30) -> 1192334.3 | G30: =G29+C30 -> -29929923 | H30: =H29+D30 -> 29930479 | I30: =DATA!C283+DATA!D283 -> 3971398 | J30: =AVERAGE(I11:I30) -> 6013427.5 | K30: =I30*H30 -> 118865844439642 | L30: =AVERAGE(K11:K30) -> 1.4869506e+14
A31: 30 | B31: 274 | C31: =DATA!C274-DATA!E274 -> -240000 | D31: =DATA!D274-DATA!F274 -> 240349 | E31: =AVERAGE(C12:C31) -> -1165846.1 | F31: =AVERAGE(D12:D31) -> 1165893.1 | G31: =G30+C31 -> -30169923 | H31: =H30+D31 -> 30170828 | I31: =DATA!C274+DATA!D274 -> 2514445 | J31: =AVERAGE(I12:I31) -> 5967049.8 | K31: =I31*H31 -> 75862887610460 | L31: =AVERAGE(K12:K31) -> 1.5130881e+14
A32: 31 | B32: 265 | C32: =DATA!C265-DATA!E265 -> 889123 | D32: =DATA!D265-DATA!F265 -> -889139 | E32: =AVERAGE(C13:C32) -> -1061890 | F32: =AVERAGE(D13:D32) -> 1061936.2 | G32: =G31+C32 -> -29280800 | H32: =H31+D32 -> 29281689 | I32: =DATA!C265+DATA!D265 -> 2606861 | J32: =AVERAGE(I13:I32) -> 5720042.8 | K32: =I32*H32 -> 76333293068229 | L32: =AVERAGE(K13:K32) -> 1.5209046e+14
A33: 32 | B33: 256 | C33: =DATA!C256-DATA!E256 -> -283000 | D33: =DATA!D256-DATA!F256 -> 283151 | E33: =AVERAGE(C14:C33) -> -1046890 | F33: =AVERAGE(D14:D33) -> 1046953.8 | G33: =G32+C33 -> -29563800 | H33: =H32+D33 -> 29564840 | I33: =DATA!C256+DATA!D256 -> 2553083 | J33: =AVERAGE(I14:I33) -> 5709906.5 | K33: =I33*H33 -> 75481490401720 | L33: =AVERAGE(K14:K33) -> 1.5467599e+14
A34: 33 | B34: 247 | C34: =DATA!C247-DATA!E247 -> 45000 | D34: =DATA!D247-DATA!F247 -> -45047 | E34: =AVERAGE(C15:C34) -> -998040 | F34: =AVERAGE(D15:D34) -> 998123.1 | G34: =G33+C34 -> -29518800 | H34: =H33+D34 -> 29519793 | I34: =DATA!C247+DATA!D247 -> 1546055 | J34: =AVERAGE(I15:I34) -> 5653959.2 | K34: =I34*H34 -> 45639223566615 | L34: =AVERAGE(K15:K34) -> 1.5568444e+14
A35: 34 | B35: 238 | C35: =DATA!C238-DATA!E238 -> -85000 | D35: =DATA!D238-DATA!F238 -> 84966 | E35: =AVERAGE(C16:C35) -> -546590 | F35: =AVERAGE(D16:D35) -> 546621.4 | G35: =G34+C35 -> -29603800 | H35: =H34+D35 -> 29604759 | I35: =DATA!C238+DATA!D238 -> 1624500 | J35: =AVERAGE(I16:I35) -> 5014534.2 | K35: =I35*H35 -> 48092930995500 | L35: =AVERAGE(K16:K35) -> 1.4463287e+14
A36: 35 | B36: 229 | C36: =DATA!C229-DATA!E229 -> -256000 | D36: =DATA!D229-DATA!F229 -> 255280 | E36: =AVERAGE(C17:C36) -> -229840 | F36: =AVERAGE(D17:D36) -> 229835.4 | G36: =G35+C36 -> -29859800 | H36: =H35+D36 -> 29860039 | I36: =DATA!C229+DATA!D229 -> 2123280 | J36: =AVERAGE(I17:I36) -> 4544898.2 | K36: =I36*H36 -> 63401223607920 | L36: =AVERAGE(K17:K36) -> 1.332563e+14
A37: 36 | B37: 220 | C37: =DATA!C220-DATA!E220 -> -49000 | D37: =DATA!D220-DATA!F220 -> 49612 | E37: =AVERAGE(C18:C37) -> 20910 | F37: =AVERAGE(D18:D37) -> -20892.4 | G37: =G36+C37 -> -29908800 | H37: =H36+D37 -> 29909651 | I37: =DATA!C220+DATA!D220 -> 1553673 | J37: =AVERAGE(I18:I37) -> 4508031.8 | K37: =I37*H37 -> 46469817198123 | L37: =AVERAGE(K18:K37) -> 1.3210578e+14
A38: 37 | B38: 211 | C38: =DATA!C211-DATA!E211 -> -310000 | D38: =DATA!D211-DATA!F211 -> 309695 | E38: =AVERAGE(C19:C38) -> 129160 | F38: =AVERAGE(D19:D38) -> -129107.65 | G38: =G37+C38 -> -30218800 | H38: =H37+D38 -> 30219346 | I38: =DATA!C211+DATA!D211 -> 2281782 | J38: =AVERAGE(I19:I38) -> 4152771 | K38: =I38*H38 -> 68953959754572 | L38: =AVERAGE(K19:K38) -> 1.2015809e+14
A39: 38 | B39: 202 | C39: =DATA!C202-DATA!E202 -> -854000 | D39: =DATA!D202-DATA!F202 -> 854509 | E39: =AVERAGE(C20:C39) -> 77613.35 | F39: =AVERAGE(D20:D39) -> -77535.55 | G39: =G38+C39 -> -31072800 | H39: =H38+D39 -> 31073855 | I39: =DATA!C202+DATA!D202 -> 2318000 | J39: =AVERAGE(I20:I39) -> 4257643.8 | K39: =I39*H39 -> 72029195890000 | L39: =AVERAGE(K20:K39) -> 1.233998e+14
A40: 39 | B40: 193 | C40: =DATA!C193-DATA!E193 -> 30000 | D40: =DATA!D193-DATA!F193 -> -30000 | E40: =AVERAGE(C21:C40) -> 66073.2 | F40: =AVERAGE(D21:D40) -> -65995.4 | G40: =G39+C40 -> -31042800 | H40: =H39+D40 -> 31043855 | I40: =DATA!C193+DATA!D193 -> 2840000 | J40: =AVERAGE(I21:I40) -> 4377269.9 | K40: =I40*H40 -> 88164548200000 | L40: =AVERAGE(K21:K40) -> 1.2708392e+14
A41: 40 | B41: 184 | C41: =DATA!C184-DATA!E184 -> -593000 | D41: =DATA!D184-DATA!F184 -> 593295 | E41: =AVERAGE(C22:C41) -> -25043.85 | F41: =AVERAGE(D22:D41) -> 25119.35 | G41: =G40+C41 -> -31635800 | H41: =H40+D41 -> 31637150 | I41: =DATA!C184+DATA!D184 -> 2519020 | J41: =AVERAGE(I22:I41) -> 4412170.9 | K41: =I41*H41 -> 79694613593000 | L41: =AVERAGE(K22:K41) -> 1.2823383e+14
A42: 41 | B42: 175 | C42: =DATA!C175-DATA!E175 -> 4650000 | D42: =DATA!D175-DATA!F175 -> -4649000 | E42: =AVERAGE(C23:C42) -> -4793.85 | F42: =AVERAGE(D23:D42) -> 4919.35 | G42: =G41+C42 -> -26985800 | H42: =H41+D42 -> 26988150 | I42: =DATA!C175+DATA!D175 -> 9268000 | J42: =AVERAGE(I23:I42) -> 4216570.9 | K42: =I42*H42 -> 250126174200000 | L42: =AVERAGE(K23:K42) -> 1.2301979e+14
A43: 42 | B43: 166 | C43: =DATA!C166-DATA!E166 -> 4619000 | D43: =DATA!D166-DATA!F166 -> -4619000 | E43: =AVERAGE(C24:C43) -> 245106.15 | F43: =AVERAGE(D24:D43) -> -244980.65 | G43: =G42+C43 -> -22366800 | H43: =H42+D43 -> 22369150 | I43: =DATA!C166+DATA!D166 -> 10892000 | J43: =AVERAGE(I24:I43) -> 4418220.9 | K43: =I43*H43 -> 243644781800000 | L43: =AVERAGE(K24:K43) -> 1.258502e+14
A44: 43 | B44: 157 | C44: =DATA!C157-DATA!E157 -> -1607000 | D44: =DATA!D157-DATA!F157 -> 1606646 | E44: =AVERAGE(C25:C44) -> 128006.15 | F44: =AVERAGE(D25:D44) -> -127898.35 | G44: =G43+C44 -> -23973800 | H44: =H43+D44 -> 23975796 | I44: =DATA!C157+DATA!D157 -> 6506000 | J44: =AVERAGE(I25:I44) -> 4273770.9 | K44: =I44*H44 -> 155986528776000 | L44: =AVERAGE(K25:K44) -> 1.211853e+14
A45: 44 | B45: 148 | C45: =DATA!C148-DATA!E148 -> -372000 | D45: =DATA!D148-DATA!F148 -> 373000 | E45: =AVERAGE(C26:C45) -> 152056.15 | F45: =AVERAGE(D26:D45) -> -151898.35 | G45: =G44+C45 -> -24345800 | H45: =H44+D45 -> 24348796 | I45: =DATA!C148+DATA!D148 -> 4258000 | J45: =AVERAGE(I26:I45) -> 4267870.9 | K45: =I45*H45 -> 103677173368000 | L45: =AVERAGE(K26:K45) -> 1.2037693e+14
A46: 45 | B46: 139 | C46: =DATA!C139-DATA!E139 -> -725000 | D46: =DATA!D139-DATA!F139 -> 725878 | E46: =AVERAGE(C27:C46) -> 196706.15 | F46: =AVERAGE(D27:D46) -> -196554.45 | G46: =G45+C46 -> -25070800 | H46: =H45+D46 -> 25074674 | I46: =DATA!C139+DATA!D139 -> 2530000 | J46: =AVERAGE(I27:I46) -> 3963520.9 | K46: =I46*H46 -> 63438925220000 | L46: =AVERAGE(K27:K46) -> 1.1105174e+14
A47: 46 | B47: 130 | C47: =DATA!C130-DATA!E130 -> -564000 | D47: =DATA!D130-DATA!F130 -> 563941 | E47: =AVERAGE(C28:C47) -> 285256.15 | F47: =AVERAGE(D28:D47) -> -285107.4 | G47: =G46+C47 -> -25634800 | H47: =H46+D47 -> 25638615 | I47: =DATA!C130+DATA!D130 -> 2936000 | J47: =AVERAGE(I28:I47) -> 3619020.9 | K47: =I47*H47 -> 75274973640000 | L47: =AVERAGE(K28:K47) -> 9.9417776e+13
A48: 47 | B48: 121 | C48: =DATA!C121-DATA!E121 -> 777000 | D48: =DATA!D121-DATA!F121 -> -777000 | E48: =AVERAGE(C29:C48) -> 332206.15 | F48: =AVERAGE(D29:D48) -> -332057.4 | G48: =G47+C48 -> -24857800 | H48: =H47+D48 -> 24861615 | I48: =DATA!C121+DATA!D121 -> 3861000 | J48: =AVERAGE(I29:I48) -> 3616520.9 | K48: =I48*H48 -> 95990695515000 | L48: =AVERAGE(K29:K48) -> 9.8056945e+13
A49: 48 | B49: 112 | C49: =DATA!C112-DATA!E112 -> -616000 | D49: =DATA!D112-DATA!F112 -> 616000 | E49: =AVERAGE(C30:C49) -> 297806.15 | F49: =AVERAGE(D30:D49) -> -297673.3 | G49: =G48+C49 -> -25473800 | H49: =H48+D49 -> 25477615 | I49: =DATA!C112+DATA!D112 -> 3702000 | J49: =AVERAGE(I30:I49) -> 3620254.9 | K49: =I49*H49 -> 94318130730000 | L49: =AVERAGE(K30:K49) -> 9.7072321e+13
A50: 49 | B50: 103 | C50: =DATA!C103-DATA!E103 -> -343000 | D50: =DATA!D103-DATA!F103 -> 342868 | E50: =AVERAGE(C31:C50) -> 205656.15 | F50: =AVERAGE(D31:D50) -> -205499.8 | G50: =G49+C50 -> -25816800 | H50: =H49+D50 -> 25820483 | I50: =DATA!C103+DATA!D103 -> 2968410 | J50: =AVERAGE(I31:I50) -> 3570105.5 | K50: =I50*H50 -> 76645779942030 | L50: =AVERAGE(K31:K50) -> 9.4961317e+13
A51: 50 | B51: 94 | C51: =DATA!C94-DATA!E94 -> -1116000 | D51: =DATA!D94-DATA!F94 -> 1115529 | E51: =AVERAGE(C32:C51) -> 161856.15 | F51: =AVERAGE(D32:D51) -> -161740.8 | G51: =G50+C51 -> -26932800 | H51: =H50+D51 -> 26936012 | I51: =DATA!C94+DATA!D94 -> 3372000 | J51: =AVERAGE(I32:I51) -> 3612983.2 | K51: =I51*H51 -> 90828232464000 | L51: =AVERAGE(K32:K51) -> 9.5709585e+13
A52: 51 | B52: 85 | C52: =DATA!C85-DATA!E85 -> -1149000 | D52: =DATA!D85-DATA!F85 -> 1149013 | E52: =AVERAGE(C33:C52) -> 59950 | F52: =AVERAGE(D33:D52) -> -59833.2 | G52: =G51+C52 -> -28081800 | H52: =H51+D52 -> 28085025 | I52: =DATA!C85+DATA!D85 -> 3747000 | J52: =AVERAGE(I33:I52) -> 3669990.1 | K52: =I52*H52 -> 105234588675000 | L52: =AVERAGE(K33:K52) -> 97154649376874
A53: 52 | B53: 76 | C53: =DATA!C76-DATA!E76 -> 72000 | D53: =DATA!D76-DATA!F76 -> -72017 | E53: =AVERAGE(C34:C53) -> 77700 | F53: =AVERAGE(D34:D53) -> -77591.6 | G53: =G52+C53 -> -28009800 | H53: =H52+D53 -> 28013008 | I53: =DATA!C76+DATA!D76 -> 1361500 | J53: =AVERAGE(I34:I53) -> 3610411 | K53: =I53*H53 -> 38139710392000 | L53: =AVERAGE(K34:K53) -> 95287560376388
A54: 53 | B54: 67 | C54: =DATA!C67-DATA!E67 -> -154000 | D54: =DATA!D67-DATA!F67 -> 154000 | E54: =AVERAGE(C35:C54) -> 67750 | F54: =AVERAGE(D35:D54) -> -67639.25 | G54: =G53+C54 -> -28163800 | H54: =H53+D54 -> 28167008 | I54: =DATA!C67+DATA!D67 -> 2683000 | J54: =AVERAGE(I35:I54) -> 3667258.2 | K54: =I54*H54 -> 75572082464000 | L54: =AVERAGE(K35:K54) -> 9.6784203e+13
A55: 54 | B55: 58 | C55: =DATA!C58-DATA!E58 -> 807541 | D55: =DATA!D58-DATA!F58 -> -807167 | E55: =AVERAGE(C36:C55) -> 112377.05 | F55: =AVERAGE(D36:D55) -> -112245.9 | G55: =G54+C55 -> -27356259 | H55: =H54+D55 -> 27359841 | I55: =DATA!C58+DATA!D58 -> 2577833 | J55: =AVERAGE(I36:I55) -> 3714924.9 | K55: =I55*H55 -> 70529101004553 | L55: =AVERAGE(K36:K55) -> 9.7906012e+13
A56: 55 | B56: 49 | C56: =DATA!C49-DATA!E49 -> 190000 | D56: =DATA!D49-DATA!F49 -> -189605 | E56: =AVERAGE(C37:C56) -> 134677.05 | F56: =AVERAGE(D37:D56) -> -134490.15 | G56: =G55+C56 -> -27166259 | H56: =H55+D56 -> 27170236 | I56: =DATA!C49+DATA!D49 -> 1432517 | J56: =AVERAGE(I37:I56) -> 3680386.8 | K56: =I56*H56 -> 38921824964012 | L56: =AVERAGE(K37:K56) -> 9.6682042e+13
A57: 56 | B57: 40 | C57: =DATA!C40-DATA!E40 -> -960000 | D57: =DATA!D40-DATA!F40 -> 958902 | E57: =AVERAGE(C38:C57) -> 89127.05 | F57: =AVERAGE(D38:D57) -> -89025.65 | G57: =G56+C57 -> -28126259 | H57: =H56+D57 -> 28129138 | I57: =DATA!C40+DATA!D40 -> 3662000 | J57: =AVERAGE(I38:I57) -> 3785803.1 | K57: =I57*H57 -> 103008903356000 | L57: =AVERAGE(K38:K57) -> 9.9508996e+13
A58: 57 | B58: 31 | C58: =DATA!C31-DATA!E31 -> -300000 | D58: =DATA!D31-DATA!F31 -> 300000 | E58: =AVERAGE(C39:C58) -> 89627.05 | F58: =AVERAGE(D39:D58) -> -89510.4 | G58: =G57+C58 -> -28426259 | H58: =H57+D58 -> 28429138 | I58: =DATA!C31+DATA!D31 -> 740541 | J58: =AVERAGE(I39:I58) -> 3708741 | K58: =I58*H58 -> 21052942283658 | L58: =AVERAGE(K39:K58) -> 9.7113945e+13
A59: 58 | B59: 22 | C59: =DATA!C22-DATA!E22 -> -664974 | D59: =DATA!D22-DATA!F22 -> 664800 | E59: =AVERAGE(C40:C59) -> 99078.35 | F59: =AVERAGE(D40:D59) -> -98995.85 | G59: =G58+C59 -> -29091233 | H59: =H58+D59 -> 29093938 | I59: =DATA!C22+DATA!D22 -> 1793026 | J59: =AVERAGE(I40:I59) -> 3682492.4 | K59: =I59*H59 -> 52166187276388 | L59: =AVERAGE(K40:K59) -> 9.6120795e+13
A60: 59 | B60: 13 | C60: =DATA!C13-DATA!E13 -> -98000 | D60: =DATA!D13-DATA!F13 -> 98000 | E60: =AVERAGE(C41:C60) -> 92678.35 | F60: =AVERAGE(D41:D60) -> -92595.85 | G60: =G59+C60 -> -29189233 | H60: =H59+D60 -> 29191938 | I60: =DATA!C13+DATA!D13 -> 5638000 | J60: =AVERAGE(I41:I60) -> 3822392.4 | K60: =I60*H60 -> 164584146444000 | L60: =AVERAGE(K41:K60) -> 9.9941775e+13
A61: 60 | B61: 4 | C61: =DATA!C4-DATA!E4 -> 183516 | D61: =DATA!D4-DATA!F4 -> -183516 | E61: =AVERAGE(C42:C61) -> 131504.15 | F61: =AVERAGE(D42:D61) -> -131436.4 | G61: =G60+C61 -> -29005717 | H61: =H60+D61 -> 29008422 | I61: =DATA!C4+DATA!D4 -> 1567700 | J61: =AVERAGE(I42:I61) -> 3774826.4 | K61: =I61*H61 -> 45476503169400 | L61: =AVERAGE(K42:K61) -> 9.8230869e+13

Sheet تعداد
B1: Cell Num. | C1: حقیقی | D1: حقوقی | E1: میانگین حقیقی | F1: میانگین حقوقی | G1: حقیقی تجمعی | H1: حقوقی تجمعی
A2: 1 | B2: 534 | C2: =DATA!C534-DATA!E534 -> -1491 | D2: =DATA!D534-DATA!F534 -> -2 | G2: =C2 -> -1491 | H2: =D2 -> -2
A3: 2 | B3: =B2-9 -> 525 | C3: =DATA!C525-DATA!E525 -> -185 | D3: =DATA!D525-DATA!F525 -> 10 | G3: =G2+C3 -> -1676 | H3: =H2+D3 -> 8
A4: 3 | B4: =B3-9 -> 516 | C4: =DATA!C516-DATA!E516 -> -1350 | D4: =DATA!D516-DATA!F516 -> 7 | G4: =G3+C4 -> -3026 | H4: =H3+D4 -> 15
A5: 4 | B5: =B4-9 -> 507 | C5: =DATA!C507-DATA!E507 -> -1316 | D5: =DATA!D507-DATA!F507 -> -2 | G5: =G4+C5 -> -4342 | H5: =H4+D5 -> 13
A6: 5 | B6: =B5-9 -> 498 | C6: =DATA!C498-DATA!E498 -> -299 | D6: =DATA!D498-DATA!F498 -> 1 | G6: =G5+C6 -> -4641 | H6: =H5+D6 -> 14
A7: 6 | B7: =B6-9 -> 489 | C7: =DATA!C489-DATA!E489 -> -192 | D7: =DATA!D489-DATA!F489 -> 0 | G7: =G6+C7 -> -4833 | H7: =H6+D7 -> 14
A8: 7 | B8: =B7-9 -> 480 | C8: =DATA!C480-DATA!E480 -> -205 | D8: =DATA!D480-DATA!F480 -> -1 | G8: =G7+C8 -> -5038 | H8: =H7+D8 -> 13
A9: 8 | B9: =B8-9 -> 471 | C9: =DATA!C471-DATA!E471 -> -365 | D9: =DATA!D471-DATA!F471 -> -1 | G9: =G8+C9 -> -5403 | H9: =H8+D9 -> 12
A10: 9 | B10: =B9-9 -> 462 | C10: =DATA!C462-DATA!E462 -> -17 | D10: =DATA!D462-DATA!F462 -> -4 | G10: =G9+C10 -> -5420 | H10: =H9+D10 -> 8
A11: 10 | B11: =B10-9 -> 453 | C11: =DATA!C453-DATA!E453 -> -403 | D11: =DATA!D453-DATA!F453 -> 8 | G11: =G10+C11 -> -5823 | H11: =H10+D11 -> 16
A12: 11 | B12: =B11-9 -> 444 | C12: =DATA!C444-DATA!E444 -> -1273 | D12: =DATA!D444-DATA!F444 -> -1 | G12: =G11+C12 -> -7096 | H12: =H11+D12 -> 15
A13: 12 | B13: =B12-9 -> 435 | C13: =DATA!C435-DATA!E435 -> 99 | D13: =DATA!D435-DATA!F435 -> 2 | G13: =G12+C13 -> -6997 | H13: =H12+D13 -> 17
A14: 13 | B14: =B13-9 -> 426 | C14: =DATA!C426-DATA!E426 -> -134 | D14: =DATA!D426-DATA!F426 -> 3 | G14: =G13+C14 -> -7131 | H14: =H13+D14 -> 20
A15: 14 | B15: =B14-9 -> 417 | C15: =DATA!C417-DATA!E417 -> -447 | D15: =DATA!D417-DATA!F417 -> 7 | G15: =G14+C15 -> -7578 | H15: =H14+D15 -> 27
A16: 15 | B16: =B15-9 -> 408 | C16: =DATA!C408-DATA!E408 -> -1014 | D16: =DATA!D408-DATA!F408 -> 5 | G16: =G15+C16 -> -8592 | H16: =H15+D16 -> 32
A17: 16 | B17: =B16-9 -> 399 | C17: =DATA!C399-DATA!E399 -> -686 | D17: =DATA!D399-DATA!F399 -> 1 | G17: =G16+C17 -> -9278 | H17: =H16+D17 -> 33
A18: 17 | B18: =B17-9 -> 390 | C18: =DATA!C390-DATA!E390 -> -1882 | D18: =DATA!D390-DATA!F390 -> 0 | G18: =G17+C18 -> -11160 | H18: =H17+D18 -> 33
A19: 18 | B19: =B18-9 -> 381 | C19: =DATA!C381-DATA!E381 -> -111 | D19: =DATA!D381-DATA!F381 -> -1 | G19: =G18+C19 -> -11271 | H19: =H18+D19 -> 32
A20: 19 | B20: =B19-9 -> 372 | C20: =DATA!C372-DATA!E372 -> -233 | D20: =DATA!D372-DATA!F372 -> -1 | G20: =G19+C20 -> -11504 | H20: =H19+D20 -> 31
A21: 20 | B21: =B20-9 -> 363 | C21: =DATA!C363-DATA!E363 -> -435 | D21: =DATA!D363-DATA!F363 -> -1 | E21: =AVERAGE(C2:C21) -> -596.95 | F21: =AVERAGE(D2:D21) -> 1.5 | G21: =G20+C21 -> -11939 | H21: =H20+D21 -> 30
A22: 21 | B22: =B21-9 -> 354 | C22: =DATA!C354-DATA!E354 -> 136 | D22: =DATA!D354-DATA!F354 -> -5 | E22: =AVERAGE(C3:C22) -> -515.6 | F22: =AVERAGE(D3:D22) -> 1.35 | G22: =G21+C22 -> -11803 | H22: =H21+D22 -> 25
A23: 22 | B23: =B22-9 -> 345 | C23: =DATA!C345-DATA!E345 -> -256 | D23: =DATA!D345-DATA!F345 -> -45 | E23: =AVERAGE(C4:C23) -> -519.15 | F23: =AVERAGE(D4:D23) -> -1.4 | G23: =G22+C23 -> -12059 | H23: =H22+D23 -> -20
A24: 23 | B24: =B23-9 -> 336 | C24: =DATA!C336-DATA!E336 -> 583 | D24: =DATA!D336-DATA!F336 -> -5 | E24: =AVERAGE(C5:C24) -> -422.5 | F24: =AVERAGE(D5:D24) -> -2 | G24: =G23+C24 -> -11476 | H24: =H23+D24 -> -25
A25: 24 | B25: =B24-9 -> 327 | C25: =DATA!C327-DATA!E327 -> 73 | D25: =DATA!D327-DATA!F327 -> 5 | E25: =AVERAGE(C6:C25) -> -353.05 | F25: =AVERAGE(D6:D25) -> -1.65 | G25: =G24+C25 -> -11403 | H25: =H24+D25 -> -20
A26: 25 | B26: =B25-9 -> 318 | C26: =DATA!C318-DATA!E318 -> -51 | D26: =DATA!D318-DATA!F318 -> -2 | E26: =AVERAGE(C7:C26) -> -340.65 | F26: =AVERAGE(D7:D26) -> -1.8 | G26: =G25+C26 -> -11454 | H26: =H25+D26 -> -22
A27: 26 | B27: =B26-9 -> 309 | C27: =DATA!C309-DATA!E309 -> -240 | D27: =DATA!D309-DATA!F309 -> -4 | E27: =AVERAGE(C8:C27) -> -343.05 | F27: =AVERAGE(D8:D27) -> -2 | G27: =G26+C27 -> -11694 | H27: =H26+D27 -> -26
A28: 27 | B28: =B27-9 -> 300 | C28: =DATA!C300-DATA!E300 -> 146 | D28: =DATA!D300-DATA!F300 -> 1 | E28: =AVERAGE(C9:C28) -> -325.5 | F28: =AVERAGE(D9:D28) -> -1.9 | G28: =G27+C28 -> -11548 | H28: =H27+D28 -> -25
A29: 28 | B29: =B28-9 -> 291 | C29: =DATA!C291-DATA!E291 -> 401 | D29: =DATA!D291-DATA!F291 -> 11 | E29: =AVERAGE(C10:C29) -> -287.2 | F29: =AVERAGE(D10:D29) -> -1.3 | G29: =G28+C29 -> -11147 | H29: =H28+D29 -> -14
A30: 29 | B30: =B29-9 -> 282 | C30: =DATA!C282-DATA!E282 -> 603 | D30: =DATA!D282-DATA!F282 -> 3 | E30: =AVERAGE(C11:C30) -> -256.2 | F30: =AVERAGE(D11:D30) -> -0.95 | G30: =G29+C30 -> -10544 | H30: =H29+D30 -> -11
A31: 30 | B31: =B30-9 -> 273 | C31: =DATA!C273-DATA!E273 -> 69 | D31: =DATA!D273-DATA!F273 -> 4 | E31: =AVERAGE(C12:C31) -> -232.6 | F31: =AVERAGE(D12:D31) -> -1.15 | G31: =G30+C31 -> -10475 | H31: =H30+D31 -> -7
A32: 31 | B32: =B31-9 -> 264 | C32: =DATA!C264-DATA!E264 -> -41 | D32: =DATA!D264-DATA!F264 -> -1 | E32: =AVERAGE(C13:C32) -> -171 | F32: =AVERAGE(D13:D32) -> -1.15 | G32: =G31+C32 -> -10516 | H32: =H31+D32 -> -8
A33: 32 | B33: =B32-9 -> 255 | C33: =DATA!C255-DATA!E255 -> 525 | D33: =DATA!D255-DATA!F255 -> 8 | E33: =AVERAGE(C14:C33) -> -149.7 | F33: =AVERAGE(D14:D33) -> -0.85 | G33: =G32+C33 -> -9991 | H33: =H32+D33 -> 0
A34: 33 | B34: =B33-9 -> 246 | C34: =DATA!C246-DATA!E246 -> 162 | D34: =DATA!D246-DATA!F246 -> -1 | E34: =AVERAGE(C15:C34) -> -134.9 | F34: =AVERAGE(D15:D34) -> -1.05 | G34: =G33+C34 -> -9829 | H34: =H33+D34 -> -1
A35: 34 | B35: =B34-9 -> 237 | C35: =DATA!C237-DATA!E237 -> -193 | D35: =DATA!D237-DATA!F237 -> -2 | E35: =AVERAGE(C16:C35) -> -122.2 | F35: =AVERAGE(D16:D35) -> -1.5 | G35: =G34+C35 -> -10022 | H35: =H34+D35 -> -3
A36: 35 | B36: =B35-9 -> 228 | C36: =DATA!C228-DATA!E228 -> 177 | D36: =DATA!D228-DATA!F228 -> 4 | E36: =AVERAGE(C17:C36) -> -62.65 | F36: =AVERAGE(D17:D36) -> -1.55 | G36: =G35+C36 -> -9845 | H36: =H35+D36 -> 1
A37: 36 | B37: =B36-9 -> 219 | C37: =DATA!C219-DATA!E219 -> -768 | D37: =DATA!D219-DATA!F219 -> 0 | E37: =AVERAGE(C18:C37) -> -66.75 | F37: =AVERAGE(D18:D37) -> -1.6 | G37: =G36+C37 -> -10613 | H37: =H36+D37 -> 1
A38: 37 | B38: =B37-9 -> 210 | C38: =DATA!C210-DATA!E210 -> -361 | D38: =DATA!D210-DATA!F210 -> 2 | E38: =AVERAGE(C19:C38) -> 9.3 | F38: =AVERAGE(D19:D38) -> -1.5 | G38: =G37+C38 -> -10974 | H38: =H37+D38 -> 3
A39: 38 | B39: =B38-9 -> 201 | C39: =DATA!C201-DATA!E201 -> -208 | D39: =DATA!D201-DATA!F201 -> 2 | E39: =AVERAGE(C20:C39) -> 4.45 | F39: =AVERAGE(D20:D39) -> -1.35 | G39: =G38+C39 -> -11182 | H39: =H38+D39 -> 5
A40: 39 | B40: =B39-9 -> 192 | C40: =DATA!C192-DATA!E192 -> -932 | D40: =DATA!D192-DATA!F192 -> -4 | E40: =AVERAGE(C21:C40) -> -30.5 | F40: =AVERAGE(D21:D40) -> -1.5 | G40: =G39+C40 -> -12114 | H40: =H39+D40 -> 1
A41: 40 | B41: =B40-9 -> 183 | C41: =DATA!C183-DATA!E183 -> -1127 | D41: =DATA!D183-DATA!F183 -> -6 | E41: =AVERAGE(C22:C41) -> -65.1 | F41: =AVERAGE(D22:D41) -> -1.75 | G41: =G40+C41 -> -13241 | H41: =H40+D41 -> -5
A42: 41 | B42: =B41-9 -> 174 | C42: =DATA!C174-DATA!E174 -> -157 | D42: =DATA!D174-DATA!F174 -> -8 | E42: =AVERAGE(C23:C42) -> -79.75 | F42: =AVERAGE(D23:D42) -> -1.9 | G42: =G41+C42 -> -13398 | H42: =H41+D42 -> -13
A43: 42 | B43: =B42-9 -> 165 | C43: =DATA!C165-DATA!E165 -> 495 | D43: =DATA!D165-DATA!F165 -> -2 | E43: =AVERAGE(C24:C43) -> -42.2 | F43: =AVERAGE(D24:D43) -> 0.25 | G43: =G42+C43 -> -12903 | H43: =H42+D43 -> -15
A44: 43 | B44: =B43-9 -> 156 | C44: =DATA!C156-DATA!E156 -> 142 | D44: =DATA!D156-DATA!F156 -> -1 | E44: =AVERAGE(C25:C44) -> -64.25 | F44: =AVERAGE(D25:D44) -> 0.45 | G44: =G43+C44 -> -12761 | H44: =H43+D44 -> -16
A45: 44 | B45: =B44-9 -> 147 | C45: =DATA!C147-DATA!E147 -> -701 | D45: =DATA!D147-DATA!F147 -> 3 | E45: =AVERAGE(C26:C45) -> -102.95 | F45: =AVERAGE(D26:D45) -> 0.35 | G45: =G44+C45 -> -13462 | H45: =H44+D45 -> -13
A46: 45 | B46: =B45-9 -> 138 | C46: =DATA!C138-DATA!E138 -> -414 | D46: =DATA!D138-DATA!F138 -> 1 | E46: =AVERAGE(C27:C46) -> -121.1 | F46: =AVERAGE(D27:D46) -> 0.5 | G46: =G45+C46 -> -13876 | H46: =H45+D46 -> -12
A47: 46 | B47: =B46-9 -> 129 | C47: =DATA!C129-DATA!E129 -> 143 | D47: =DATA!D129-DATA!F129 -> -1 | E47: =AVERAGE(C28:C47) -> -101.95 | F47: =AVERAGE(D28:D47) -> 0.65 | G47: =G46+C47 -> -13733 | H47: =H46+D47 -> -13
A48: 47 | B48: =B47-9 -> 120 | C48: =DATA!C120-DATA!E120 -> 726 | D48: =DATA!D120-DATA!F120 -> -2 | E48: =AVERAGE(C29:C48) -> -72.95 | F48: =AVERAGE(D29:D48) -> 0.5 | G48: =G47+C48 -> -13007 | H48: =H47+D48 -> -15
A49: 48 | B49: =B48-9 -> 111 | C49: =DATA!C111-DATA!E111 -> 228 | D49: =DATA!D111-DATA!F111 -> 1 | E49: =AVERAGE(C30:C49) -> -81.6 | F49: =AVERAGE(D30:D49) -> 0 | G49: =G48+C49 -> -12779 | H49: =H48+D49 -> -14
A50: 49 | B50: =B49-9 -> 102 | C50: =DATA!C102-DATA!E102 -> 825 | D50: =DATA!D102-DATA!F102 -> 3 | E50: =AVERAGE(C31:C50) -> -70.5 | F50: =AVERAGE(D31:D50) -> 0 | G50: =G49+C50 -> -11954 | H50: =H49+D50 -> -11
A51: 50 | B51: =B50-9 -> 93 | C51: =DATA!C93-DATA!E93 -> 807 | D51: =DATA!D93-DATA!F93 -> 11 | E51: =AVERAGE(C32:C51) -> -33.6 | F51: =AVERAGE(D32:D51) -> 0.35 | G51: =G50+C51 -> -11147 | H51: =H50+D51 -> 0
A52: 51 | B52: =B51-9 -> 84 | C52: =DATA!C84-DATA!E84 -> 744 | D52: =DATA!D84-DATA!F84 -> 4 | E52: =AVERAGE(C33:C52) -> 5.65 | F52: =AVERAGE(D33:D52) -> 0.6 | G52: =G51+C52 -> -10403 | H52: =H51+D52 -> 4
A53: 52 | B53: =B52-9 -> 75 | C53: =DATA!C75-DATA!E75 -> 209 | D53: =DATA!D75-DATA!F75 -> -1 | E53: =AVERAGE(C34:C53) -> -10.15 | F53: =AVERAGE(D34:D53) -> 0.15 | G53: =G52+C53 -> -10194 | H53: =H52+D53 -> 3
A54: 53 | B54: =B53-9 -> 66 | C54: =DATA!C66-DATA!E66 -> 45 | D54: =DATA!D66-DATA!F66 -> 0 | E54: =AVERAGE(C35:C54) -> -16 | F54: =AVERAGE(D35:D54) -> 0.2 | G54: =G53+C54 -> -10149 | H54: =H53+D54 -> 3
A55: 54 | B55: =B54-9 -> 57 | C55: =DATA!C57-DATA!E57 -> -81 | D55: =DATA!D57-DATA!F57 -> 9 | E55: =AVERAGE(C36:C55) -> -10.4 | F55: =AVERAGE(D36:D55) -> 0.75 | G55: =G54+C55 -> -10230 | H55: =H54+D55 -> 12
A56: 55 | B56: =B55-9 -> 48 | C56: =DATA!C48-DATA!E48 -> -168 | D56: =DATA!D48-DATA!F48 -> -3 | E56: =AVERAGE(C37:C56) -> -27.65 | F56: =AVERAGE(D37:D56) -> 0.4 | G56: =G55+C56 -> -10398 | H56: =H55+D56 -> 9
A57: 56 | B57: =B56-9 -> 39 | C57: =DATA!C39-DATA!E39 -> -140 | D57: =DATA!D39-DATA!F39 -> 3 | E57: =AVERAGE(C38:C57) -> 3.75 | F57: =AVERAGE(D38:D57) -> 0.55 | G57: =G56+C57 -> -10538 | H57: =H56+D57 -> 12
A58: 57 | B58: =B57-9 -> 30 | C58: =DATA!C30-DATA!E30 -> 978 | D58: =DATA!D30-DATA!F30 -> 3 | E58: =AVERAGE(C39:C58) -> 70.7 | F58: =AVERAGE(D39:D58) -> 0.6 | G58: =G57+C58 -> -9560 | H58: =H57+D58 -> 15
A59: 58 | B59: =B58-9 -> 21 | C59: =DATA!C21-DATA!E21 -> 758 | D59: =DATA!D21-DATA!F21 -> -7 | E59: =AVERAGE(C40:C59) -> 119 | F59: =AVERAGE(D40:D59) -> 0.15 | G59: =G58+C59 -> -8802 | H59: =H58+D59 -> 8
A60: 59 | B60: =B59-9 -> 12 | C60: =DATA!C12-DATA!E12 -> 1047 | D60: =DATA!D12-DATA!F12 -> -14 | E60: =AVERAGE(C41:C60) -> 217.95 | F60: =AVERAGE(D41:D60) -> -0.35 | G60: =G59+C60 -> -7755 | H60: =H59+D60 -> -6
A61: 60 | B61: =B60-9 -> 3 | C61: =DATA!C3-DATA!E3 -> 974 | D61: =DATA!D3-DATA!F3 -> -11 | E61: =AVERAGE(C42:C61) -> 323 | F61: =AVERAGE(D42:D61) -> -0.6 | G61: =G60+C61 -> -6781 | H61: =H60+D61 -> -17

Sheet حجم هر نفر
B1: Cell Num. | C1: حقیقی هر نفر خرید | D1: حقیقی هر نفر فروش | E1: حقیقی هر نفر | F1: حقیقی هر نفر تجمعی | G1: حقوقی هر نفر خرید | H1: حقوقی هر نفر فروش | I1: حقوقی هر نفر | J1: حقوقی هر نفر تجمعی | K1: نسبت قدرت خریدار
A2: 1 | B2: =B3+9 -> 535 | C2: =IF(DATA!C534=0,0,(DATA!C535/DATA!C534)) -> 2482.1002 | D2: =IF(DATA!E534=0,0,(DATA!E535/DATA!E534)) -> 1620.8151 | E2: =C2-D2 -> 861.2851 | F2: =E2 -> 861.2851 | G2: =IF(DATA!D534=0,0,(DATA!D535/DATA!D534)) -> 228428.57 | H2: =IF(DATA!F534=0,0,(DATA!F535/DATA!F534)) -> 29499.778 | I2: =G2-H2 -> 198928.79 | J2: =I2 -> 198928.79 | K2: =(DATA!E534+DATA!F534)/(DATA!C534+DATA!D534) -> 2.1811709
A3: 2 | B3: =B4+9 -> 526 | C3: =IF(DATA!C525=0,0,(DATA!C526/DATA!C525)) -> 1659.7428 | D3: =IF(DATA!E525=0,0,(DATA!E526/DATA!E525)) -> 1792.4785 | E3: =C3-D3 -> -132.73565 | F3: =E3+F2 -> 728.54945 | G3: =IF(DATA!D525=0,0,(DATA!D526/DATA!D525)) -> 54595.059 | H3: =IF(DATA!F525=0,0,(DATA!F526/DATA!F525)) -> 46857.143 | I3: =G3-H3 -> 7737.916 | J3: =J2+I3 -> 206666.71 | K3: =(DATA!E525+DATA!F525)/(DATA!C525+DATA!D525) -> 1.0858264
A4: 3 | B4: =B5+9 -> 517 | C4: =IF(DATA!C516=0,0,(DATA!C517/DATA!C516)) -> 1606.7416 | D4: =IF(DATA!E516=0,0,(DATA!E517/DATA!E516)) -> 1586.2197 | E4: =C4-D4 -> 20.521834 | F4: =E4+F3 -> 749.07129 | G4: =IF(DATA!D516=0,0,(DATA!D517/DATA!D516)) -> 154357.14 | H4: =IF(DATA!F516=0,0,(DATA!F517/DATA!F516)) -> 6878.8571 | I4: =G4-H4 -> 147478.29 | J4: =J3+I4 -> 354145 | K4: =(DATA!E516+DATA!F516)/(DATA!C516+DATA!D516) -> 1.9955523
A5: 4 | B5: =B6+9 -> 508 | C5: =IF(DATA!C507=0,0,(DATA!C508/DATA!C507)) -> 2981.773 | D5: =IF(DATA!E507=0,0,(DATA!E508/DATA!E507)) -> 1736.4249 | E5: =C5-D5 -> 1245.3481 | F5: =E5+F4 -> 1994.4194 | G5: =IF(DATA!D507=0,0,(DATA!D508/DATA!D507)) -> 136333.33 | H5: =IF(DATA!F507=0,0,(DATA!F508/DATA!F507)) -> 40387.455 | I5: =G5-H5 -> 95945.879 | J5: =J4+I5 -> 450090.87 | K5: =(DATA!E507+DATA!F507)/(DATA!C507+DATA!D507) -> 2.0838816
A6: 5 | B6: =B7+9 -> 499 | C6: =IF(DATA!C498=0,0,(DATA!C499/DATA!C498)) -> 2265.2582 | D6: =IF(DATA!E498=0,0,(DATA!E499/DATA!E498)) -> 1560.3823 | E6: =C6-D6 -> 704.87594 | F6: =E6+F5 -> 2699.2953 | G6: =IF(DATA!D498=0,0,(DATA!D499/DATA!D498)) -> 94204 | H6: =IF(DATA!F498=0,0,(DATA!F499/DATA!F498)) -> 132269.5 | I6: =G6-H6 -> -38065.5 | J6: =J5+I6 -> 412025.37 | K6: =(DATA!E498+DATA!F498)/(DATA!C498+DATA!D498) -> 1.346915
A7: 6 | B7: =B8+9 -> 490 | C7: =IF(DATA!C489=0,0,(DATA!C490/DATA!C489)) -> 1466.5354 | D7: =IF(DATA!E489=0,0,(DATA!E490/DATA!E489)) -> 2013.986 | E7: =C7-D7 -> -547.45058 | F7: =E7+F6 -> 2151.8447 | G7: =IF(DATA!D489=0,0,(DATA!D490/DATA!D489)) -> 149583.33 | H7: =IF(DATA!F489=0,0,(DATA!F490/DATA!F489)) -> 47839.75 | I7: =G7-H7 -> 101743.58 | J7: =J6+I7 -> 513768.96 | K7: =(DATA!E489+DATA!F489)/(DATA!C489+DATA!D489) -> 1.125
A8: 7 | B8: =B9+9 -> 481 | C8: =IF(DATA!C480=0,0,(DATA!C481/DATA!C480)) -> 1787.9121 | D8: =IF(DATA!E480=0,0,(DATA!E481/DATA!E480)) -> 1597.3094 | E8: =C8-D8 -> 190.60267 | F8: =E8+F7 -> 2342.4474 | G8: =IF(DATA!D480=0,0,(DATA!D481/DATA!D480)) -> 111515.29 | H8: =IF(DATA!F480=0,0,(DATA!F481/DATA!F480)) -> 78263.25 | I8: =G8-H8 -> 33252.036 | J8: =J7+I8 -> 547020.99 | K8: =(DATA!E480+DATA!F480)/(DATA!C480+DATA!D480) -> 1.2246456
A9: 8 | B9: =B10+9 -> 472 | C9: =IF(DATA!C471=0,0,(DATA!C472/DATA!C471)) -> 1687.0504 | D9: =IF(DATA!E471=0,0,(DATA!E472/DATA!E471)) -> 1458.3615 | E9: =C9-D9 -> 228.68882 | F9: =E9+F8 -> 2571.1362 | G9: =IF(DATA!D471=0,0,(DATA!D472/DATA!D471)) -> 57137 | H9: =IF(DATA!F471=0,0,(DATA!F472/DATA!F471)) -> 9259.1429 | I9: =G9-H9 -> 47877.857 | J9: =J8+I9 -> 594898.85 | K9: =(DATA!E471+DATA!F471)/(DATA!C471+DATA!D471) -> 1.3273703
A10: 9 | B10: =B11+9 -> 463 | C10: =IF(DATA!C462=0,0,(DATA!C463/DATA!C462)) -> 1992.4171 | D10: =IF(DATA!E462=0,0,(DATA!E463/DATA!E462)) -> 1713.6194 | E10: =C10-D10 -> 278.79766 | F10: =E10+F9 -> 2849.9339 | G10: =IF(DATA!D462=0,0,(DATA!D463/DATA!D462)) -> 56765.5 | H10: =IF(DATA!F462=0,0,(DATA!F463/DATA!F462)) -> 61464.5 | I10: =G10-H10 -> -4699 | J10: =J9+I10 -> 590199.85 | K10: =(DATA!E462+DATA!F462)/(DATA!C462+DATA!D462) -> 1.01983
A11: 10 | B11: =B12+9 -> 454 | C11: =IF(DATA!C453=0,0,(DATA!C454/DATA!C453)) -> 2227.2727 | D11: =IF(DATA!E453=0,0,(DATA!E454/DATA!E453)) -> 2140.4456 | E11: =C11-D11 -> 86.827082 | F11: =E11+F10 -> 2936.761 | G11: =IF(DATA!D453=0,0,(DATA!D454/DATA!D453)) -> 74357.143 | H11: =IF(DATA!F453=0,0,(DATA!F454/DATA!F453)) -> 45304.667 | I11: =G11-H11 -> 29052.476 | J11: =J10+I11 -> 619252.33 | K11: =(DATA!E453+DATA!F453)/(DATA!C453+DATA!D453) -> 1.3617216
A12: 11 | B12: =B13+9 -> 445 | C12: =IF(DATA!C444=0,0,(DATA!C445/DATA!C444)) -> 2959.4595 | D12: =IF(DATA!E444=0,0,(DATA!E445/DATA!E444)) -> 1766.7746 | E12: =C12-D12 -> 1192.6848 | F12: =E12+F11 -> 4129.4458 | G12: =IF(DATA!D444=0,0,(DATA!D445/DATA!D444)) -> 351357.14 | H12: =IF(DATA!F444=0,0,(DATA!F445/DATA!F444)) -> 248600 | I12: =G12-H12 -> 102757.14 | J12: =J11+I12 -> 722009.47 | K12: =(DATA!E444+DATA!F444)/(DATA!C444+DATA!D444) -> 2.4124169
A13: 12 | B13: =B14+9 -> 436 | C13: =IF(DATA!C435=0,0,(DATA!C436/DATA!C435)) -> 1504.9885 | D13: =IF(DATA!E435=0,0,(DATA!E436/DATA!E435)) -> 2112.9568 | E13: =C13-D13 -> -607.96832 | F13: =E13+F12 -> 3521.4775 | G13: =IF(DATA!D435=0,0,(DATA!D436/DATA!D435)) -> 79481 | H13: =IF(DATA!F435=0,0,(DATA!F436/DATA!F435)) -> 26501.25 | I13: =G13-H13 -> 52979.75 | J13: =J12+I13 -> 774989.22 | K13: =(DATA!E435+DATA!F435)/(DATA!C435+DATA!D435) -> 0.92307692
A14: 13 | B14: =B15+9 -> 427 | C14: =IF(DATA!C426=0,0,(DATA!C427/DATA!C426)) -> 1568.1098 | D14: =IF(DATA!E426=0,0,(DATA!E427/DATA!E426)) -> 2235.8927 | E14: =C14-D14 -> -667.78287 | F14: =E14+F13 -> 2853.6946 | G14: =IF(DATA!D426=0,0,(DATA!D427/DATA!D426)) -> 131111.11 | H14: =IF(DATA!F426=0,0,(DATA!F427/DATA!F426)) -> 41405.667 | I14: =G14-H14 -> 89705.444 | J14: =J13+I14 -> 864694.66 | K14: =(DATA!E426+DATA!F426)/(DATA!C426+DATA!D426) -> 1.1370293
A15: 14 | B15: =B16+9 -> 418 | C15: =IF(DATA!C417=0,0,(DATA!C418/DATA!C417)) -> 1225.8953 | D15: =IF(DATA!E417=0,0,(DATA!E418/DATA!E417)) -> 6802.7344 | E15: =C15-D15 -> -5576.8391 | F15: =E15+F14 -> -2723.1445 | G15: =IF(DATA!D417=0,0,(DATA!D418/DATA!D417)) -> 1089833.3 | H15: =IF(DATA!F417=0,0,(DATA!F418/DATA!F417)) -> 792600 | I15: =G15-H15 -> 297233.33 | J15: =J14+I15 -> 1161928 | K15: =(DATA!E417+DATA!F417)/(DATA!C417+DATA!D417) -> 1.3996367
A16: 15 | B16: =B17+9 -> 409 | C16: =IF(DATA!C408=0,0,(DATA!C409/DATA!C408)) -> 2305.8712 | D16: =IF(DATA!E408=0,0,(DATA!E409/DATA!E408)) -> 4360.3865 | E16: =C16-D16 -> -2054.5153 | F16: =E16+F15 -> -4777.6597 | G16: =IF(DATA!D408=0,0,(DATA!D409/DATA!D408)) -> 534176.47 | H16: =IF(DATA!F408=0,0,(DATA!F409/DATA!F408)) -> 207500 | I16: =G16-H16 -> 326676.47 | J16: =J15+I16 -> 1488604.5 | K16: =(DATA!E408+DATA!F408)/(DATA!C408+DATA!D408) -> 1.9403541
A17: 16 | B17: =B18+9 -> 400 | C17: =IF(DATA!C399=0,0,(DATA!C400/DATA!C399)) -> 2022.0653 | D17: =IF(DATA!E399=0,0,(DATA!E400/DATA!E399)) -> 4043.4305 | E17: =C17-D17 -> -2021.3651 | F17: =E17+F16 -> -6799.0249 | G17: =IF(DATA!D399=0,0,(DATA!D400/DATA!D399)) -> 456307.69 | H17: =IF(DATA!F399=0,0,(DATA!F400/DATA!F399)) -> 72319.333 | I17: =G17-H17 -> 383988.36 | J17: =J16+I17 -> 1872592.8 | K17: =(DATA!E399+DATA!F399)/(DATA!C399+DATA!D399) -> 1.5977312
A18: 17 | B18: =B19+9 -> 391 | C18: =IF(DATA!C390=0,0,(DATA!C391/DATA!C390)) -> 8949.5268 | D18: =IF(DATA!E390=0,0,(DATA!E391/DATA!E390)) -> 3238.8712 | E18: =C18-D18 -> 5710.6556 | F18: =E18+F17 -> -1088.3693 | G18: =IF(DATA!D390=0,0,(DATA!D391/DATA!D390)) -> 530428.57 | H18: =IF(DATA!F390=0,0,(DATA!F391/DATA!F390)) -> 177000 | I18: =G18-H18 -> 353428.57 | J18: =J17+I18 -> 2226021.4 | K18: =(DATA!E390+DATA!F390)/(DATA!C390+DATA!D390) -> 3.9360374
A19: 18 | B19: =B20+9 -> 382 | C19: =IF(DATA!C381=0,0,(DATA!C382/DATA!C381)) -> 73514.667 | D19: =IF(DATA!E381=0,0,(DATA!E382/DATA!E381)) -> 382.55263 | E19: =C19-D19 -> 73132.114 | F19: =E19+F18 -> 72043.745 | G19: =IF(DATA!D381=0,0,(DATA!D382/DATA!D381)) -> 0 | H19: =IF(DATA!F381=0,0,(DATA!F382/DATA!F381)) -> 176933 | I19: =G19-H19 -> -176933 | J19: =J18+I19 -> 2049088.4 | K19: =(DATA!E381+DATA!F381)/(DATA!C381+DATA!D381) -> 38.333333
A20: 19 | B20: =B21+9 -> 373 | C20: =IF(DATA!C372=0,0,(DATA!C373/DATA!C372)) -> 34218.545 | D20: =IF(DATA!E372=0,0,(DATA!E373/DATA!E372)) -> 473.77459 | E20: =C20-D20 -> 33744.771 | F20: =E20+F19 -> 105788.52 | G20: =IF(DATA!D372=0,0,(DATA!D373/DATA!D372)) -> 35536.5 | H20: =IF(DATA!F372=0,0,(DATA!F373/DATA!F372)) -> 110625.33 | I20: =G20-H20 -> -75088.833 | J20: =J19+I20 -> 1973999.6 | K20: =(DATA!E372+DATA!F372)/(DATA!C372+DATA!D372) -> 19
A21: 20 | B21: =B22+9 -> 364 | C21: =IF(DATA!C363=0,0,(DATA!C364/DATA!C363)) -> 43027.027 | D21: =IF(DATA!E363=0,0,(DATA!E364/DATA!E363)) -> 768.34534 | E21: =C21-D21 -> 42258.682 | F21: =E21+F20 -> 148047.2 | G21: =IF(DATA!D363=0,0,(DATA!D364/DATA!D363)) -> 57250 | H21: =IF(DATA!F363=0,0,(DATA!F364/DATA!F363)) -> 291600 | I21: =G21-H21 -> -234350 | J21: =J20+I21 -> 1739649.6 | K21: =(DATA!E363+DATA!F363)/(DATA!C363+DATA!D363) -> 11.634146
A22: 21 | B22: 355 | C22: =IF(DATA!C354=0,0,(DATA!C355/DATA!C354)) -> 4610.5362 | D22: =IF(DATA!E354=0,0,(DATA!E355/DATA!E354)) -> 2792.4623 | E22: =C22-D22 -> 1818.0739 | F22: =E22+F21 -> 149865.27 | G22: =IF(DATA!D354=0,0,(DATA!D355/DATA!D354)) -> 225200 | H22: =IF(DATA!F354=0,0,(DATA!F355/DATA!F354)) -> 381150 | I22: =G22-H22 -> -155950 | J22: =J21+I22 -> 1583699.6 | K22: =(DATA!E354+DATA!F354)/(DATA!C354+DATA!D354) -> 0.93881364
A23: 22 | B23: 346 | C23: =IF(DATA!C345=0,0,(DATA!C346/DATA!C345)) -> 2818.9233 | D23: =IF(DATA!E345=0,0,(DATA!E346/DATA!E345)) -> 2587.7193 | E23: =C23-D23 -> 231.20403 | F23: =E23+F22 -> 150096.48 | G23: =IF(DATA!D345=0,0,(DATA!D346/DATA!D345)) -> 170150 | H23: =IF(DATA!F345=0,0,(DATA!F346/DATA!F345)) -> 46523.077 | I23: =G23-H23 -> 123626.92 | J23: =J22+I23 -> 1707326.5 | K23: =(DATA!E345+DATA!F345)/(DATA!C345+DATA!D345) -> 1.241573
A24: 23 | B24: 337 | C24: =IF(DATA!C336=0,0,(DATA!C337/DATA!C336)) -> 2271.3085 | D24: =IF(DATA!E336=0,0,(DATA!E3237/DATA!E336)) -> 0 | E24: =C24-D24 -> 2271.3085 | F24: =E24+F23 -> 152367.78 | G24: =IF(DATA!D336=0,0,(DATA!D337/DATA!D336)) -> 701375 | H24: =IF(DATA!F336=0,0,(DATA!F3237/DATA!F336)) -> 0 | I24: =G24-H24 -> 701375 | J24: =J23+I24 -> 2408701.5 | K24: =(DATA!E336+DATA!F336)/(DATA!C336+DATA!D336) -> 0.65471924
A25: 24 | B25: 328 | C25: =IF(DATA!C327=0,0,(DATA!C328/DATA!C327)) -> 1658.4967 | D25: =IF(DATA!E327=0,0,(DATA!E328/DATA!E327)) -> 2504.7785 | E25: =C25-D25 -> -846.28172 | F25: =E25+F24 -> 151521.5 | G25: =IF(DATA!D327=0,0,(DATA!D328/DATA!D327)) -> 213272.73 | H25: =IF(DATA!F327=0,0,(DATA!F328/DATA!F327)) -> 248833.33 | I25: =G25-H25 -> -35560.606 | J25: =J24+I25 -> 2373140.9 | K25: =(DATA!E327+DATA!F327)/(DATA!C327+DATA!D327) -> 0.93684211
A26: 25 | B26: 319 | C26: =IF(DATA!C318=0,0,(DATA!C319/DATA!C318)) -> 1074.9766 | D26: =IF(DATA!E318=0,0,(DATA!E319/DATA!E318)) -> 2473.1664 | E26: =C26-D26 -> -1398.1898 | F26: =E26+F25 -> 150123.31 | G26: =IF(DATA!D318=0,0,(DATA!D319/DATA!D318)) -> 679090.91 | H26: =IF(DATA!F318=0,0,(DATA!F319/DATA!F318)) -> 450076.92 | I26: =G26-H26 -> 229013.99 | J26: =J25+I26 -> 2602154.9 | K26: =(DATA!E318+DATA!F318)/(DATA!C318+DATA!D318) -> 1.0491651
A27: 26 | B27: 310 | C27: =IF(DATA!C309=0,0,(DATA!C310/DATA!C309)) -> 1440.3778 | D27: =IF(DATA!E309=0,0,(DATA!E310/DATA!E309)) -> 3270.4692 | E27: =C27-D27 -> -1830.0914 | F27: =E27+F26 -> 148293.22 | G27: =IF(DATA!D309=0,0,(DATA!D310/DATA!D309)) -> 1229428.6 | H27: =IF(DATA!F309=0,0,(DATA!F310/DATA!F309)) -> 570090.91 | I27: =G27-H27 -> 659337.66 | J27: =J26+I27 -> 3261492.5 | K27: =(DATA!E309+DATA!F309)/(DATA!C309+DATA!D309) -> 1.2857143
A28: 27 | B28: 301 | C28: =IF(DATA!C300=0,0,(DATA!C301/DATA!C300)) -> 1337.5209 | D28: =IF(DATA!E300=0,0,(DATA!E301/DATA!E300)) -> 1678.4351 | E28: =C28-D28 -> -340.91418 | F28: =E28+F27 -> 147952.31 | G28: =IF(DATA!D300=0,0,(DATA!D301/DATA!D300)) -> 257111.11 | H28: =IF(DATA!F300=0,0,(DATA!F301/DATA!F300)) -> 269000 | I28: =G28-H28 -> -11888.889 | J28: =J27+I28 -> 3249603.6 | K28: =(DATA!E300+DATA!F300)/(DATA!C300+DATA!D300) -> 0.87780549
A29: 28 | B29: 292 | C29: =IF(DATA!C291=0,0,(DATA!C292/DATA!C291)) -> 1546.2138 | D29: =IF(DATA!E291=0,0,(DATA!E292/DATA!E291)) -> 1939.0681 | E29: =C29-D29 -> -392.85429 | F29: =E29+F28 -> 147559.45 | G29: =IF(DATA!D291=0,0,(DATA!D292/DATA!D291)) -> 65409.308 | H29: =IF(DATA!F291=0,0,(DATA!F292/DATA!F291)) -> 461001.5 | I29: =G29-H29 -> -395592.19 | J29: =J28+I29 -> 2854011.4 | K29: =(DATA!E291+DATA!F291)/(DATA!C291+DATA!D291) -> 0.77224986
A30: 29 | B30: 283 | C30: =IF(DATA!C282=0,0,(DATA!C283/DATA!C282)) -> 2011.3852 | D30: =IF(DATA!E282=0,0,(DATA!E283/DATA!E282)) -> 1717.7914 | E30: =C30-D30 -> 293.59379 | F30: =E30+F29 -> 147853.05 | G30: =IF(DATA!D282=0,0,(DATA!D283/DATA!D282)) -> 98924.75 | H30: =IF(DATA!F282=0,0,(DATA!F283/DATA!F282)) -> 458400 | I30: =G30-H30 -> -359475.25 | J30: =J29+I30 -> 2494536.2 | K30: =(DATA!E282+DATA!F282)/(DATA!C282+DATA!D282) -> 0.61862807
A31: 30 | B31: 274 | C31: =IF(DATA!C273=0,0,(DATA!C274/DATA!C273)) -> 2067.7481 | D31: =IF(DATA!E273=0,0,(DATA!E274/DATA!E273)) -> 2458.6313 | E31: =C31-D31 -> -390.88316 | F31: =E31+F30 -> 147462.16 | G31: =IF(DATA!D273=0,0,(DATA!D274/DATA!D273)) -> 38605 | H31: =IF(DATA!F273=0,0,(DATA!F274/DATA!F273)) -> 21419.2 | I31: =G31-H31 -> 17185.8 | J31: =J30+I31 -> 2511722 | K31: =(DATA!E273+DATA!F273)/(DATA!C273+DATA!D273) -> 0.93093661
A32: 31 | B32: 265 | C32: =IF(DATA!C264=0,0,(DATA!C265/DATA!C264)) -> 1914.3156 | D32: =IF(DATA!E264=0,0,(DATA!E265/DATA!E264)) -> 944.76653 | E32: =C32-D32 -> 969.54904 | F32: =E32+F31 -> 148431.71 | G32: =IF(DATA!D264=0,0,(DATA!D265/DATA!D264)) -> 154972.2 | H32: =IF(DATA!F264=0,0,(DATA!F265/DATA!F264)) -> 277333.33 | I32: =G32-H32 -> -122361.13 | J32: =J31+I32 -> 2389360.9 | K32: =(DATA!E264+DATA!F264)/(DATA!C264+DATA!D264) -> 1.043659
A33: 32 | B33: 256 | C33: =IF(DATA!C255=0,0,(DATA!C256/DATA!C255)) -> 1389.9936 | D33: =IF(DATA!E255=0,0,(DATA!E256/DATA!E255)) -> 2369.4391 | E33: =C33-D33 -> -979.44549 | F33: =E33+F32 -> 147452.27 | G33: =IF(DATA!D255=0,0,(DATA!D256/DATA!D255)) -> 35098.455 | H33: =IF(DATA!F255=0,0,(DATA!F256/DATA!F255)) -> 34310.667 | I33: =G33-H33 -> 787.78788 | J33: =J32+I33 -> 2390148.7 | K33: =(DATA!E255+DATA!F255)/(DATA!C255+DATA!D255) -> 0.66050955
A34: 33 | B34: 247 | C34: =IF(DATA!C246=0,0,(DATA!C247/DATA!C246)) -> 1268.0891 | D34: =IF(DATA!E246=0,0,(DATA!E247/DATA!E246)) -> 1443.2314 | E34: =C34-D34 -> -175.14239 | F34: =E34+F33 -> 147277.12 | G34: =IF(DATA!D246=0,0,(DATA!D247/DATA!D246)) -> 35811 | H34: =IF(DATA!F246=0,0,(DATA!F247/DATA!F246)) -> 37350.333 | I34: =G34-H34 -> -1539.3333 | J34: =J33+I34 -> 2388609.3 | K34: =(DATA!E246+DATA!F246)/(DATA!C246+DATA!D246) -> 0.85133887
A35: 34 | B35: 238 | C35: =IF(DATA!C237=0,0,(DATA!C238/DATA!C237)) -> 1536.4078 | D35: =IF(DATA!E237=0,0,(DATA!E238/DATA!E237)) -> 1328.4169 | E35: =C35-D35 -> 207.99085 | F35: =E35+F34 -> 147485.12 | G35: =IF(DATA!D237=0,0,(DATA!D238/DATA!D237)) -> 71700 | H35: =IF(DATA!F237=0,0,(DATA!F238/DATA!F237)) -> 39076.286 | I35: =G35-H35 -> 32623.714 | J35: =J34+I35 -> 2421233 | K35: =(DATA!E237+DATA!F237)/(DATA!C237+DATA!D237) -> 1.2352232
A36: 35 | B36: 229 | C36: =IF(DATA!C228=0,0,(DATA!C229/DATA!C228)) -> 1788.8199 | D36: =IF(DATA!E228=0,0,(DATA!E229/DATA!E228)) -> 2514.5754 | E36: =C36-D36 -> -725.75554 | F36: =E36+F35 -> 146759.36 | G36: =IF(DATA!D228=0,0,(DATA!D229/DATA!D228)) -> 65880 | H36: =IF(DATA!F228=0,0,(DATA!F229/DATA!F228)) -> 70000 | I36: =G36-H36 -> -4120 | J36: =J35+I36 -> 2417113 | K36: =(DATA!E228+DATA!F228)/(DATA!C228+DATA!D228) -> 0.81378601
A37: 36 | B37: 220 | C37: =IF(DATA!C219=0,0,(DATA!C220/DATA!C219)) -> 2144.3124 | D37: =IF(DATA!E219=0,0,(DATA!E220/DATA!E219)) -> 966.83861 | E37: =C37-D37 -> 1177.4738 | F37: =E37+F36 -> 147936.83 | G37: =IF(DATA!D219=0,0,(DATA!D220/DATA!D219)) -> 145336.5 | H37: =IF(DATA!F219=0,0,(DATA!F220/DATA!F219)) -> 120530.5 | I37: =G37-H37 -> 24806 | J37: =J36+I37 -> 2441919 | K37: =(DATA!E219+DATA!F219)/(DATA!C219+DATA!D219) -> 2.2994924
A38: 37 | B38: 211 | C38: =IF(DATA!C210=0,0,(DATA!C211/DATA!C210)) -> 2197.1631 | D38: =IF(DATA!E210=0,0,(DATA!E211/DATA!E210)) -> 1743.9024 | E38: =C38-D38 -> 453.26068 | F38: =E38+F37 -> 148390.09 | G38: =IF(DATA!D210=0,0,(DATA!D211/DATA!D210)) -> 183195.5 | H38: =IF(DATA!F210=0,0,(DATA!F211/DATA!F210)) -> 211543.5 | I38: =G38-H38 -> -28348 | J38: =J37+I38 -> 2413571 | K38: =(DATA!E210+DATA!F210)/(DATA!C210+DATA!D210) -> 1.506347
A39: 38 | B39: 202 | C39: =IF(DATA!C201=0,0,(DATA!C202/DATA!C201)) -> 1453.5452 | D39: =IF(DATA!E201=0,0,(DATA!E202/DATA!E201)) -> 1991.2281 | E39: =C39-D39 -> -537.68284 | F39: =E39+F38 -> 147852.41 | G39: =IF(DATA!D201=0,0,(DATA!D202/DATA!D201)) -> 161285.71 | H39: =IF(DATA!F201=0,0,(DATA!F202/DATA!F201)) -> 54898.2 | I39: =G39-H39 -> 106387.51 | J39: =J38+I39 -> 2519958.5 | K39: =(DATA!E201+DATA!F201)/(DATA!C201+DATA!D201) -> 1.249697
A40: 39 | B40: 193 | C40: =IF(DATA!C192=0,0,(DATA!C193/DATA!C192)) -> 2653.0945 | D40: =IF(DATA!E192=0,0,(DATA!E193/DATA!E192)) -> 1034.282 | E40: =C40-D40 -> 1618.8124 | F40: =E40+F39 -> 149471.22 | G40: =IF(DATA!D192=0,0,(DATA!D193/DATA!D192)) -> 242200 | H40: =IF(DATA!F192=0,0,(DATA!F193/DATA!F192)) -> 137888.89 | I40: =G40-H40 -> 104311.11 | J40: =J39+I40 -> 2624269.7 | K40: =(DATA!E192+DATA!F192)/(DATA!C192+DATA!D192) -> 2.5121163
A41: 40 | B41: 184 | C41: =IF(DATA!C183=0,0,(DATA!C184/DATA!C183)) -> 8291.6667 | D41: =IF(DATA!E183=0,0,(DATA!E184/DATA!E183)) -> 1656.558 | E41: =C41-D41 -> 6635.1087 | F41: =E41+F40 -> 156106.33 | G41: =IF(DATA!D183=0,0,(DATA!D184/DATA!D183)) -> 463510 | H41: =IF(DATA!F183=0,0,(DATA!F184/DATA!F183)) -> 41715.625 | I41: =G41-H41 -> 421794.38 | J41: =J40+I41 -> 3046064 | K41: =(DATA!E183+DATA!F183)/(DATA!C183+DATA!D183) -> 6.8402062
A42: 41 | B42: 175 | C42: =IF(DATA!C174=0,0,(DATA!C175/DATA!C174)) -> 9039.6158 | D42: =IF(DATA!E174=0,0,(DATA!E175/DATA!E174)) -> 2909.0909 | E42: =C42-D42 -> 6130.5249 | F42: =E42+F41 -> 162236.86 | G42: =IF(DATA!D174=0,0,(DATA!D175/DATA!D174)) -> 193111.11 | H42: =IF(DATA!F174=0,0,(DATA!F175/DATA!F174)) -> 375705.88 | I42: =G42-H42 -> -182594.77 | J42: =J41+I42 -> 2863469.3 | K42: =(DATA!E174+DATA!F174)/(DATA!C174+DATA!D174) -> 1.195962
A43: 42 | B43: 166 | C43: =IF(DATA!C165=0,0,(DATA!C166/DATA!C165)) -> 5515.9461 | D43: =IF(DATA!E165=0,0,(DATA!E166/DATA!E165)) -> 3454.1485 | E43: =C43-D43 -> 2061.7977 | F43: =E43+F42 -> 164298.65 | G43: =IF(DATA!D165=0,0,(DATA!D166/DATA!D165)) -> 310900 | H43: =IF(DATA!F165=0,0,(DATA!F166/DATA!F165)) -> 644000 | I43: =G43-H43 -> -333100 | J43: =J42+I43 -> 2530369.3 | K43: =(DATA!E165+DATA!F165)/(DATA!C165+DATA!D165) -> 0.65306122
A44: 43 | B44: 157 | C44: =IF(DATA!C156=0,0,(DATA!C157/DATA!C156)) -> 2227.2984 | D44: =IF(DATA!E156=0,0,(DATA!E157/DATA!E156)) -> 3406.4991 | E44: =C44-D44 -> -1179.2007 | F44: =E44+F43 -> 163119.45 | G44: =IF(DATA!D156=0,0,(DATA!D157/DATA!D156)) -> 284111.11 | H44: =IF(DATA!F156=0,0,(DATA!F157/DATA!F156)) -> 95035.4 | I44: =G44-H44 -> 189075.71 | J44: =J43+I44 -> 2719445 | K44: =(DATA!E156+DATA!F156)/(DATA!C156+DATA!D156) -> 0.92087542
A45: 44 | B45: 148 | C45: =IF(DATA!C147=0,0,(DATA!C148/DATA!C147)) -> 2450.3891 | D45: =IF(DATA!E147=0,0,(DATA!E148/DATA!E147)) -> 1672.0648 | E45: =C45-D45 -> 778.32433 | F45: =E45+F44 -> 163897.78 | G45: =IF(DATA!D147=0,0,(DATA!D148/DATA!D147)) -> 193222.22 | H45: =IF(DATA!F147=0,0,(DATA!F148/DATA!F147)) -> 227666.67 | I45: =G45-H45 -> -34444.444 | J45: =J44+I45 -> 2685000.5 | K45: =(DATA!E147+DATA!F147)/(DATA!C147+DATA!D147) -> 1.6730955
A46: 45 | B46: 139 | C46: =IF(DATA!C138=0,0,(DATA!C139/DATA!C138)) -> 1429.6066 | D46: =IF(DATA!E138=0,0,(DATA!E139/DATA!E138)) -> 1526.087 | E46: =C46-D46 -> -96.480331 | F46: =E46+F45 -> 163801.3 | G46: =IF(DATA!D138=0,0,(DATA!D139/DATA!D138)) -> 104454.55 | H46: =IF(DATA!F138=0,0,(DATA!F139/DATA!F138)) -> 42312.2 | I46: =G46-H46 -> 62142.345 | J46: =J45+I46 -> 2747142.9 | K46: =(DATA!E138+DATA!F138)/(DATA!C138+DATA!D138) -> 1.4227226
A47: 46 | B47: 130 | C47: =IF(DATA!C129=0,0,(DATA!C130/DATA!C129)) -> 1289.4737 | D47: =IF(DATA!E129=0,0,(DATA!E130/DATA!E129)) -> 1986.9525 | E47: =C47-D47 -> -697.47879 | F47: =E47+F46 -> 163103.82 | G47: =IF(DATA!D129=0,0,(DATA!D130/DATA!D129)) -> 171000 | H47: =IF(DATA!F129=0,0,(DATA!F130/DATA!F129)) -> 89339.889 | I47: =G47-H47 -> 81660.111 | J47: =J46+I47 -> 2828803 | K47: =(DATA!E129+DATA!F129)/(DATA!C129+DATA!D129) -> 0.88398693
A48: 47 | B48: 121 | C48: =IF(DATA!C120=0,0,(DATA!C121/DATA!C120)) -> 1472.2222 | D48: =IF(DATA!E120=0,0,(DATA!E121/DATA!E120)) -> 1798.6577 | E48: =C48-D48 -> -326.4355 | F48: =E48+F47 -> 162777.38 | G48: =IF(DATA!D120=0,0,(DATA!D121/DATA!D120)) -> 184500 | H48: =IF(DATA!F120=0,0,(DATA!F121/DATA!F120)) -> 225300 | I48: =G48-H48 -> -40800 | J48: =J47+I48 -> 2788003 | K48: =(DATA!E120+DATA!F120)/(DATA!C120+DATA!D120) -> 0.55528256
A49: 48 | B49: 112 | C49: =IF(DATA!C111=0,0,(DATA!C112/DATA!C111)) -> 1078.7879 | D49: =IF(DATA!E111=0,0,(DATA!E112/DATA!E111)) -> 2008.63 | E49: =C49-D49 -> -929.84211 | F49: =E49+F48 -> 161847.54 | G49: =IF(DATA!D111=0,0,(DATA!D112/DATA!D111)) -> 409333.33 | H49: =IF(DATA!F111=0,0,(DATA!F112/DATA!F111)) -> 368000 | I49: =G49-H49 -> 41333.333 | J49: =J48+I49 -> 2829336.3 | K49: =(DATA!E111+DATA!F111)/(DATA!C111+DATA!D111) -> 0.80275624
A50: 49 | B50: 103 | C50: =IF(DATA!C102=0,0,(DATA!C103/DATA!C102)) -> 1209.1837 | D50: =IF(DATA!E102=0,0,(DATA!E103/DATA!E102)) -> 2636.8477 | E50: =C50-D50 -> -1427.664 | F50: =E50+F49 -> 160419.88 | G50: =IF(DATA!D102=0,0,(DATA!D103/DATA!D102)) -> 104426.25 | H50: =IF(DATA!F102=0,0,(DATA!F103/DATA!F102)) -> 98508.4 | I50: =G50-H50 -> 5917.85 | J50: =J49+I50 -> 2835254.2 | K50: =(DATA!E102+DATA!F102)/(DATA!C102+DATA!D102) -> 0.53273138
A51: 50 | B51: 94 | C51: =IF(DATA!C93=0,0,(DATA!C94/DATA!C93)) -> 1291.9792 | D51: =IF(DATA!E93=0,0,(DATA!E94/DATA!E93)) -> 3623.1102 | E51: =C51-D51 -> -2331.1309 | F51: =E51+F50 -> 158088.75 | G51: =IF(DATA!D93=0,0,(DATA!D94/DATA!D93)) -> 94416.667 | H51: =IF(DATA!F93=0,0,(DATA!F94/DATA!F93)) -> 17471 | I51: =G51-H51 -> 76945.667 | J51: =J50+I51 -> 2912199.8 | K51: =(DATA!E93+DATA!F93)/(DATA!C93+DATA!D93) -> 0.53123209
A52: 51 | B52: 85 | C52: =IF(DATA!C84=0,0,(DATA!C85/DATA!C84)) -> 1081.068 | D52: =IF(DATA!E84=0,0,(DATA!E85/DATA!E84)) -> 2565.3495 | E52: =C52-D52 -> -1484.2816 | F52: =E52+F51 -> 156604.47 | G52: =IF(DATA!D84=0,0,(DATA!D85/DATA!D84)) -> 190000 | H52: =IF(DATA!F84=0,0,(DATA!F85/DATA!F84)) -> 92746.75 | I52: =G52-H52 -> 97253.25 | J52: =J51+I52 -> 3009453.1 | K52: =(DATA!E84+DATA!F84)/(DATA!C84+DATA!D84) -> 0.63829787
A53: 52 | B53: 76 | C53: =IF(DATA!C75=0,0,(DATA!C76/DATA!C75)) -> 1133.3333 | D53: =IF(DATA!E75=0,0,(DATA!E76/DATA!E75)) -> 1348.564 | E53: =C53-D53 -> -215.23064 | F53: =E53+F52 -> 156389.23 | G53: =IF(DATA!D75=0,0,(DATA!D76/DATA!D75)) -> 85500 | H53: =IF(DATA!F75=0,0,(DATA!F76/DATA!F75)) -> 82129.25 | I53: =G53-H53 -> 3370.75 | J53: =J52+I53 -> 3012823.8 | K53: =(DATA!E75+DATA!F75)/(DATA!C75+DATA!D75) -> 0.78732106
A54: 53 | B54: 67 | C54: =IF(DATA!C66=0,0,(DATA!C67/DATA!C66)) -> 1799.763 | D54: =IF(DATA!E66=0,0,(DATA!E67/DATA!E66)) -> 2093.8673 | E54: =C54-D54 -> -294.1043 | F54: =E54+F53 -> 156095.13 | G54: =IF(DATA!D66=0,0,(DATA!D67/DATA!D66)) -> 291000 | H54: =IF(DATA!F66=0,0,(DATA!F67/DATA!F66)) -> 252500 | I54: =G54-H54 -> 38500 | J54: =J53+I54 -> 3051323.8 | K54: =(DATA!E66+DATA!F66)/(DATA!C66+DATA!D66) -> 0.94693396
A55: 54 | B55: 58 | C55: =IF(DATA!C57=0,0,(DATA!C58/DATA!C57)) -> 1850.0528 | D55: =IF(DATA!E57=0,0,(DATA!E58/DATA!E57)) -> 918.73444 | E55: =C55-D55 -> 931.31836 | F55: =E55+F54 -> 157026.45 | G55: =IF(DATA!D57=0,0,(DATA!D58/DATA!D57)) -> 51614.562 | H55: =IF(DATA!F57=0,0,(DATA!F58/DATA!F57)) -> 233285.71 | I55: =G55-H55 -> -181671.15 | J55: =J54+I55 -> 2869652.7 | K55: =(DATA!E57+DATA!F57)/(DATA!C57+DATA!D57) -> 1.0747664
A56: 55 | B56: 49 | C56: =IF(DATA!C48=0,0,(DATA!C49/DATA!C48)) -> 1258.6521 | D56: =IF(DATA!E48=0,0,(DATA!E49/DATA!E48)) -> 941.54818 | E56: =C56-D56 -> 317.10391 | F56: =E56+F55 -> 157343.55 | G56: =IF(DATA!D48=0,0,(DATA!D49/DATA!D48)) -> 25258.5 | H56: =IF(DATA!F48=0,0,(DATA!F49/DATA!F48)) -> 48024.4 | I56: =G56-H56 -> -22765.9 | J56: =J55+I56 -> 2846886.8 | K56: =(DATA!E48+DATA!F48)/(DATA!C48+DATA!D48) -> 1.1554545
A57: 56 | B57: 40 | C57: =IF(DATA!C39=0,0,(DATA!C40/DATA!C39)) -> 1397.3154 | D57: =IF(DATA!E39=0,0,(DATA!E40/DATA!E39)) -> 1866.2577 | E57: =C57-D57 -> -468.94223 | F57: =E57+F56 -> 156874.61 | G57: =IF(DATA!D39=0,0,(DATA!D40/DATA!D39)) -> 225714.29 | H57: =IF(DATA!F39=0,0,(DATA!F40/DATA!F39)) -> 155274.5 | I57: =G57-H57 -> 70439.786 | J57: =J56+I57 -> 2917326.6 | K57: =(DATA!E39+DATA!F39)/(DATA!C39+DATA!D39) -> 1.0915164
A58: 57 | B58: 31 | C58: =IF(DATA!C30=0,0,(DATA!C31/DATA!C30)) -> 447.24975 | D58: =IF(DATA!E30=0,0,(DATA!E31/DATA!E30)) -> 105791.57 | E58: =C58-D58 -> -105344.32 | F58: =E58+F57 -> 51530.289 | G58: =IF(DATA!D30=0,0,(DATA!D31/DATA!D30)) -> 100000 | H58: =IF(DATA!F30=0,0,(DATA!F31/DATA!F30)) -> 0 | I58: =G58-H58 -> 100000 | J58: =J57+I58 -> 3017326.6 | K58: =(DATA!E30+DATA!F30)/(DATA!C30+DATA!D30) -> 0.0070850202
A59: 58 | B59: 22 | C59: =IF(DATA!C21=0,0,(DATA!C22/DATA!C21)) -> 669.18657 | D59: =IF(DATA!E21=0,0,(DATA!E22/DATA!E21)) -> 26152.174 | E59: =C59-D59 -> -25482.987 | F59: =E59+F58 -> 26047.301 | G59: =IF(DATA!D21=0,0,(DATA!D22/DATA!D21)) -> 313750 | H59: =IF(DATA!F21=0,0,(DATA!F22/DATA!F21)) -> 53654.545 | I59: =G59-H59 -> 260095.45 | J59: =J58+I59 -> 3277422 | K59: =(DATA!E21+DATA!F21)/(DATA!C21+DATA!D21) -> 0.070544554
A60: 59 | B60: 13 | C60: =IF(DATA!C12=0,0,(DATA!C13/DATA!C12)) -> 1502.7391 | D60: =IF(DATA!E12=0,0,(DATA!E13/DATA!E12)) -> 2763.1976 | E60: =C60-D60 -> -1260.4584 | F60: =E60+F59 -> 24786.843 | G60: =IF(DATA!D12=0,0,(DATA!D13/DATA!D12)) -> 230222.22 | H60: =IF(DATA!F12=0,0,(DATA!F13/DATA!F12)) -> 85826.087 | I60: =G60-H60 -> 144396.14 | J60: =J59+I60 -> 3421818.2 | K60: =(DATA!E12+DATA!F12)/(DATA!C12+DATA!D12) -> 0.56633081
A61: 60 | B61: 4 | C61: =IF(DATA!C3=0,0,(DATA!C4/DATA!C3)) -> 853.10588 | D61: =IF(DATA!E3=0,0,(DATA!E4/DATA!E3)) -> 5795.1603 | E61: =C61-D61 -> -4942.0544 | F61: =E61+F60 -> 19844.788 | G61: =IF(DATA!D3=0,0,(DATA!D4/DATA!D3)) -> 208339.33 | H61: =IF(DATA!F3=0,0,(DATA!F4/DATA!F3)) -> 57752.429 | I61: =G61-H61 -> 150586.9 | J61: =J60+I61 -> 3572405.1 | K61: =(DATA!E3+DATA!F3)/(DATA!C3+DATA!D3) -> 0.13086643

Sheet اندیکاتور ها
E1: MOVING AVERAGE TREND | I1: MOVING AVERAGE CONVERGENCE DIVERGENCE OSCILLATOR | M1: PRICE CHANNEL TREND | O1: BOLLINGER BANDS TREND | R1: ICHIMOKU CLOUDE | W1: RELATIVE STRENGTH INDEX OSCILLATOR | AC1: STOCH RSI 14 | AE1: RELATIVE VOLATILITY INDEX | AL1: TRUE STRENGTH INDICATOR | AT1: MONEY FLOW INDEX | AZ1: COMMODITY CHANNEL INDEX | BC1: ELDER'S FORCE INDEX | BE1: STOCHASTIC OSCILLATOR | BH1: PERCENTAGE PRICE OSCILLATOR | BK1: PERCENTAGE VOLUME OSCILLATOR | BN1: PERCENTAGE VALUE OSCILLATOR | BQ1: CHANDLE MOMENTUM OSCILLATOR | BU1: LINEAR REGRESSION CURVE
B2: قیمت پایانی | C2: حجم معاملات | D2: ارزش معاملات | E2: MA 10 | F2: MA 20 | G2: MA 30 | H2: VWMA 20 | I2: EMA 12 | J2: EMA 26 | K2: MACD | L2: MA 9 | M2: حد بالا | N2: حد پایین | O2: میانگین 20 روز | P2: حد بالا | Q2: حد پایین | R2: Tenkan-sen (Conversion Line) | S2: Kijun-sen (Base Line) | T2: Senkou Span A (Leading Span A) | U2: Senkou Span B (Leading Span B) | V2: Chikou Span (Lagging Span) | W2: درصد تغییرات | X2: درصد تغییرات مثبت | Y2: درصد تغییرات منفی | Z2: میانگین درصد تغییرات مثبت | AA2: میانگین درصد تغییرات منفی | AB2: RSI 14 | AC2: STOCH RSI 14 | AD2: MA 3 | AE2: میانگین 14 | AF2: انحراف معیار 14 | AG2: انحراف معیار مثبت | AH2: انحراف معیار منفی | AI2: میانگین انحراف معیار مثبت | AJ2: میانگین انحراف معیار منفی | AK2: RVI | AL2: MOMENTUM | AM2: EMA 25 | AN2: EMA 13 of EMA 25 | AO2: ABSOLUTE MOMENTUM | AP2: ABSOLUTE EMA 25 | AQ2: ABS. EMA 13 OF EMA 25 | AR2: TSI | AS2: EMA 13 OF TSI | AT2: ارزش مثبت | AU2: ارزش منفی | AV2: میانگین مثبت | AW2: میانگین منفی | AX2: MFR | AY2: MFI 14 | AZ2: MA 20 | BA2: MEAN DEVIATION | BB2: CCI 20 | BC2: MOMENTUM*VOLIME | BD2: EFI 13 | BE2: حد بالا | BF2: حد پایین | BG2: ST | BH2: EMA 5 | BI2: EMA 20 | BJ2: PPO | BK2: EMA 5 | BL2: EMA 20 | BM2: PVO | BN2: EMA 5 | BO2: EMA 20 | BP2: PVAO | BQ2: MOMENTUM | BR2: MOMENTUM POSITIVE | BS2: MOMENTUM NEGATIVE | BT2: CMO | BU2: LRC 10 | CB2: LRC 20 | CI2: LRC 30
A3: 1 | B3: =DATA!H2 -> 44993 | C3: =DATA!C535+DATA!D535 -> 4719000 | D3: =B3*C3 -> 212321967000 | BU3: SUM TIME | BV3: SUM TIME*TIME | BW3: SUM PRICE | BX3: SUM TIME*PRICE | BY3: a | BZ3: b | CA3: LRC 10 | CB3: SUM TIME | CC3: SUM TIME*TIME | CD3: SUM PRICE | CE3: SUM TIME*PRICE | CF3: a | CG3: b | CH3: LRC 20 | CI3: SUM TIME | CJ3: SUM TIME*TIME | CK3: SUM PRICE | CL3: SUM TIME*PRICE | CM3: a | CN3: b | CO3: LRC 30
A4: 2 | B4: =DATA!H3 -> 45474 | C4: =DATA!C526+DATA!D526 -> 4284116 | D4: =B4*C4 -> 194815890984 | W4: =(B4-B3)/B3 -> 0.010690552 | X4: =IF(W4>=0,W4,0) -> 0.010690552 | Y4: =IF(W4<0,ABS(W4),0) -> 0 | AL4: =B4-B3 -> 481 | AO4: =ABS(AL4) -> 481 | AT4: =IF(W4>=0,D4,0) -> 194815890984 | AU4: =IF(W4<0,D4,0) -> 0 | BC4: =(B4-B3)*C4 -> 2060659796 | BQ4: =B4-B3 -> 481 | BR4: =IF(BQ4>=0,BQ4,0) -> 481 | BS4: =IF(BQ4<0,ABS(BQ4),0) -> 0
A5: 3 | B5: =DATA!H4 -> 44514 | C5: =DATA!C517+DATA!D517 -> 4306000 | D5: =B5*C5 -> 191677284000 | W5: =(B5-B4)/B4 -> -0.021110965 | X5: =IF(W5>=0,W5,0) -> 0 | Y5: =IF(W5<0,ABS(W5),0) -> 0.021110965 | AL5: =B5-B4 -> -960 | AO5: =ABS(AL5) -> 960 | AT5: =IF(W5>=0,D5,0) -> 0 | AU5: =IF(W5<0,D5,0) -> 191677284000 | BC5: =(B5-B4)*C5 -> -4133760000 | BQ5: =B5-B4 -> -960 | BR5: =IF(BQ5>=0,BQ5,0) -> 0 | BS5: =IF(BQ5<0,ABS(BQ5),0) -> 960
A6: 4 | B6: =DATA!H5 -> 46186 | C6: =DATA!C508+DATA!D508 -> 4826000 | D6: =B6*C6 -> 222893636000 | W6: =(B6-B5)/B5 -> 0.037561217 | X6: =IF(W6>=0,W6,0) -> 0.037561217 | Y6: =IF(W6<0,ABS(W6),0) -> 0 | AL6: =B6-B5 -> 1672 | AO6: =ABS(AL6) -> 1672 | AT6: =IF(W6>=0,D6,0) -> 222893636000 | AU6: =IF(W6<0,D6,0) -> 0 | BC6: =(B6-B5)*C6 -> 8069072000 | BQ6: =B6-B5 -> 1672 | BR6: =IF(BQ6>=0,BQ6,0) -> 1672 | BS6: =IF(BQ6<0,ABS(BQ6),0) -> 0
A7: 5 | B7: =DATA!H6 -> 47709 | C7: =DATA!C499+DATA!D499 -> 2589428 | D7: =B7*C7 -> 123539020452 | W7: =(B7-B6)/B6 -> 0.03297536 | X7: =IF(W7>=0,W7,0) -> 0.03297536 | Y7: =IF(W7<0,ABS(W7),0) -> 0 | AL7: =B7-B6 -> 1523 | AO7: =ABS(AL7) -> 1523 | AT7: =IF(W7>=0,D7,0) -> 123539020452 | AU7: =IF(W7<0,D7,0) -> 0 | BC7: =(B7-B6)*C7 -> 3943698844 | BH7: =AVERAGE(B3:B7) -> 45775.2 | BK7: =AVERAGE(C3:C7) -> 4144908.8 | BN7: =AVERAGE(D3:D7) -> 1.8904956e+11 | BQ7: =B7-B6 -> 1523 | BR7: =IF(BQ7>=0,BQ7,0) -> 1523 | BS7: =IF(BQ7<0,ABS(BQ7),0) -> 0
A8: 6 | B8: =DATA!H7 -> 48024 | C8: =DATA!C490+DATA!D490 -> 4030000 | D8: =B8*C8 -> 193536720000 | W8: =(B8-B7)/B7 -> 0.0066025278 | X8: =IF(W8>=0,W8,0) -> 0.0066025278 | Y8: =IF(W8<0,ABS(W8),0) -> 0 | AL8: =B8-B7 -> 315 | AO8: =ABS(AL8) -> 315 | AT8: =IF(W8>=0,D8,0) -> 193536720000 | AU8: =IF(W8<0,D8,0) -> 0 | BC8: =(B8-B7)*C8 -> 1269450000 | BH8: =(2/6)*(B8-BH7)+BH7 -> 46524.8 | BK8: =(2/6)*(C8-BK7)+BK7 -> 4106605.9 | BN8: =(2/6)*(D8-BN7)+BN7 -> 1.9054528e+11 | BQ8: =B8-B7 -> 315 | BR8: =IF(BQ8>=0,BQ8,0) -> 315 | BS8: =IF(BQ8<0,ABS(BQ8),0) -> 0
A9: 7 | B9: =DATA!H8 -> 48090 | C9: =DATA!C481+DATA!D481 -> 2407607 | D9: =B9*C9 -> 115781820630 | W9: =(B9-B8)/B8 -> 0.0013743128 | X9: =IF(W9>=0,W9,0) -> 0.0013743128 | Y9: =IF(W9<0,ABS(W9),0) -> 0 | AL9: =B9-B8 -> 66 | AO9: =ABS(AL9) -> 66 | AT9: =IF(W9>=0,D9,0) -> 115781820630 | AU9: =IF(W9<0,D9,0) -> 0 | BC9: =(B9-B8)*C9 -> 158902062 | BH9: =(2/6)*(B9-BH8)+BH8 -> 47046.533 | BK9: =(2/6)*(C9-BK8)+BK8 -> 3540272.9 | BN9: =(2/6)*(D9-BN8)+BN8 -> 1.6562413e+11 | BQ9: =B9-B8 -> 66 | BR9: =IF(BQ9>=0,BQ9,0) -> 66 | BS9: =IF(BQ9<0,ABS(BQ9),0) -> 0
A10: 8 | B10: =DATA!H9 -> 47193 | C10: =DATA!C472+DATA!D472 -> 2218822 | D10: =B10*C10 -> 104712866646 | W10: =(B10-B9)/B9 -> -0.018652527 | X10: =IF(W10>=0,W10,0) -> 0 | Y10: =IF(W10<0,ABS(W10),0) -> 0.018652527 | AL10: =B10-B9 -> -897 | AO10: =ABS(AL10) -> 897 | AT10: =IF(W10>=0,D10,0) -> 0 | AU10: =IF(W10<0,D10,0) -> 104712866646 | BC10: =(B10-B9)*C10 -> -1990283334 | BH10: =(2/6)*(B10-BH9)+BH9 -> 47095.356 | BK10: =(2/6)*(C10-BK9)+BK9 -> 3099789.3 | BN10: =(2/6)*(D10-BN9)+BN9 -> 1.4532037e+11 | BQ10: =B10-B9 -> -897 | BR10: =IF(BQ10>=0,BQ10,0) -> 0 | BS10: =IF(BQ10<0,ABS(BQ10),0) -> 897
A11: 9 | B11: =DATA!H10 -> 48133 | C11: =DATA!C463+DATA!D463 -> 2329062 | D11: =B11*C11 -> 112104741246 | R11: =(MIN(B3:B11)+MAX(B3:B11))*0.5 -> 46323.5 | W11: =(B11-B10)/B10 -> 0.019918208 | X11: =IF(W11>=0,W11,0) -> 0.019918208 | Y11: =IF(W11<0,ABS(W11),0) -> 0 | AL11: =B11-B10 -> 940 | AO11: =ABS(AL11) -> 940 | AT11: =IF(W11>=0,D11,0) -> 112104741246 | AU11: =IF(W11<0,D11,0) -> 0 | BC11: =(B11-B10)*C11 -> 2189318280 | BH11: =(2/6)*(B11-BH10)+BH10 -> 47441.237 | BK11: =(2/6)*(C11-BK10)+BK10 -> 2842880.2 | BN11: =(2/6)*(D11-BN10)+BN10 -> 1.342485e+11 | BQ11: =B11-B10 -> 940 | BR11: =IF(BQ11>=0,BQ11,0) -> 940 | BS11: =IF(BQ11<0,ABS(BQ11),0) -> 0
A12: 10 | B12: =DATA!H11 -> 47628 | C12: =DATA!C454+DATA!D454 -> 3442000 | D12: =B12*C12 -> 163935576000 | E12: =AVERAGE(B3:B12) -> 46794.4 | R12: =(MIN(B4:B12)+MAX(B4:B12))*0.5 -> 46323.5 | W12: =(B12-B11)/B11 -> -0.010491762 | X12: =IF(W12>=0,W12,0) -> 0 | Y12: =IF(W12<0,ABS(W12),0) -> 0.010491762 | AL12: =B12-B11 -> -505 | AO12: =ABS(AL12) -> 505 | AT12: =IF(W12>=0,D12,0) -> 0 | AU12: =IF(W12<0,D12,0) -> 163935576000 | BC12: =(B12-B11)*C12 -> -1738210000 | BH12: =(2/6)*(B12-BH11)+BH11 -> 47503.491 | BK12: =(2/6)*(C12-BK11)+BK11 -> 3042586.8 | BN12: =(2/6)*(D12-BN11)+BN11 -> 1.4414419e+11 | BQ12: =B12-B11 -> -505 | BR12: =IF(BQ12>=0,BQ12,0) -> 0 | BS12: =IF(BQ12<0,ABS(BQ12),0) -> 505 | BT12: =(SUM(BR4:BR12)-SUM(BS4:BS12))/(SUM(BR4:BR12)+SUM(BS4:BS12))*100 -> 35.806495 | BU12: =SUM(A3:A12) -> 55 | BV12: =(A3*A3)+(A4*A4)+(A5*A5)+(A6*A6)+(A7*A7)+(A8*A8)+(A9*A9)+(A10*A10)+(A11*A11)+(A12*A12) -> 385 | BW12: =SUM(B3:B12) -> 467944 | BX12: =(A3*B3)+(A4*B4)+(A5*B5)+(A6*B6)+(A7*B7)+(A8*B8)+(A9*B9)+(A10*B10)+(A11*B11)+(A12*B12) -> 2604567 | BY12: =(10*BX12-BU12*BW12)/(10*BV12-BU12*BU12) -> 374.24242 | BZ12: =(BW12*BV12-BU12*BX12)/(10*BV12-BU12*BU12) -> 44736.067 | CA12: =BY12*A12+BZ12 -> 48478.491
A13: 11 | B13: =DATA!H12 -> 49789 | C13: =DATA!C445+DATA!D445 -> 7547000 | D13: =B13*C13 -> 375757583000 | E13: =AVERAGE(B4:B13) -> 47274 | R13: =(MIN(B5:B13)+MAX(B5:B13))*0.5 -> 47151.5 | W13: =(B13-B12)/B12 -> 0.04537247 | X13: =IF(W13>=0,W13,0) -> 0.04537247 | Y13: =IF(W13<0,ABS(W13),0) -> 0 | AL13: =B13-B12 -> 2161 | AO13: =ABS(AL13) -> 2161 | AT13: =IF(W13>=0,D13,0) -> 375757583000 | AU13: =IF(W13<0,D13,0) -> 0 | BC13: =(B13-B12)*C13 -> 16309067000 | BH13: =(2/6)*(B13-BH12)+BH12 -> 48265.328 | BK13: =(2/6)*(C13-BK12)+BK12 -> 4544057.9 | BN13: =(2/6)*(D13-BN12)+BN12 -> 2.2134865e+11 | BQ13: =B13-B12 -> 2161 | BR13: =IF(BQ13>=0,BQ13,0) -> 2161 | BS13: =IF(BQ13<0,ABS(BQ13),0) -> 0 | BT13: =(SUM(BR5:BR13)-SUM(BS5:BS13))/(SUM(BR5:BR13)+SUM(BS5:BS13))*100 -> 47.737582 | BU13: =SUM(A4:A13) -> 65 | BV13: =(A4*A4)+(A5*A5)+(A6*A6)+(A7*A7)+(A8*A8)+(A9*A9)+(A10*A10)+(A11*A11)+(A12*A12)+(A13*A13) -> 505 | BW13: =SUM(B4:B13) -> 472740 | BX13: =(A4*B4)+(A5*B5)+(A6*B6)+(A7*B7)+(A8*B8)+(A9*B9)+(A10*B10)+(A11*B11)+(A12*B12)+(A13*B13) -> 3107253 | BY13: =(10*BX13-BU13*BW13)/(10*BV13-BU13*BU13) -> 417.49091 | BZ13: =(BW13*BV13-BU13*BX13)/(10*BV13-BU13*BU13) -> 44560.309 | CA13: =BY13*A13+BZ13 -> 49152.709
A14: 12 | B14: =DATA!H13 -> 50347 | C14: =DATA!C436+DATA!D436 -> 2755810 | D14: =B14*C14 -> 138746766070 | E14: =AVERAGE(B5:B14) -> 47761.3 | I14: =AVERAGE(B3:B14) -> 47340 | R14: =(MIN(B6:B14)+MAX(B6:B14))*0.5 -> 48266.5 | W14: =(B14-B13)/B13 -> 0.011207295 | X14: =IF(W14>=0,W14,0) -> 0.011207295 | Y14: =IF(W14<0,ABS(W14),0) -> 0 | AL14: =B14-B13 -> 558 | AO14: =ABS(AL14) -> 558 | AT14: =IF(W14>=0,D14,0) -> 138746766070 | AU14: =IF(W14<0,D14,0) -> 0 | BC14: =(B14-B13)*C14 -> 1537741980 | BH14: =(2/6)*(B14-BH13)+BH13 -> 48959.218 | BK14: =(2/6)*(C14-BK13)+BK13 -> 3947975.2 | BN14: =(2/6)*(D14-BN13)+BN13 -> 1.9381469e+11 | BQ14: =B14-B13 -> 558 | BR14: =IF(BQ14>=0,BQ14,0) -> 558 | BS14: =IF(BQ14<0,ABS(BQ14),0) -> 0 | BT14: =(SUM(BR6:BR14)-SUM(BS6:BS14))/(SUM(BR6:BR14)+SUM(BS6:BS14))*100 -> 67.535024 | BU14: =SUM(A5:A14) -> 75 | BV14: =(A5*A5)+(A6*A6)+(A7*A7)+(A8*A8)+(A9*A9)+(A10*A10)+(A11*A11)+(A12*A12)+(A13*A13)+(A14*A14) -> 645 | BW14: =SUM(B5:B14) -> 477613 | BX14: =(A5*B5)+(A6*B6)+(A7*B7)+(A8*B8)+(A9*B9)+(A10*B10)+(A11*B11)+(A12*B12)+(A13*B13)+(A14*B14) -> 3620469 | BY14: =(10*BX14-BU14*BW14)/(10*BV14-BU14*BU14) -> 465.10909 | BZ14: =(BW14*BV14-BU14*BX14)/(10*BV14-BU14*BU14) -> 44272.982 | CA14: =BY14*A14+BZ14 -> 49854.291
A15: 13 | B15: =DATA!H14 -> 51032 | C15: =DATA!C427+DATA!D427 -> 2665000 | D15: =B15*C15 -> 136000280000 | E15: =AVERAGE(B6:B15) -> 48413.1 | I15: =(2/13)*(B15-I14)+I14 -> 47908 | R15: =(MIN(B7:B15)+MAX(B7:B15))*0.5 -> 49112.5 | W15: =(B15-B14)/B14 -> 0.013605577 | X15: =IF(W15>=0,W15,0) -> 0.013605577 | Y15: =IF(W15<0,ABS(W15),0) -> 0 | AL15: =B15-B14 -> 685 | AO15: =ABS(AL15) -> 685 | AT15: =IF(W15>=0,D15,0) -> 136000280000 | AU15: =IF(W15<0,D15,0) -> 0 | BC15: =(B15-B14)*C15 -> 1825525000 | BH15: =(2/6)*(B15-BH14)+BH14 -> 49650.146 | BK15: =(2/6)*(C15-BK14)+BK14 -> 3520316.8 | BN15: =(2/6)*(D15-BN14)+BN14 -> 1.7454322e+11 | BQ15: =B15-B14 -> 685 | BR15: =IF(BQ15>=0,BQ15,0) -> 685 | BS15: =IF(BQ15<0,ABS(BQ15),0) -> 0 | BT15: =(SUM(BR7:BR15)-SUM(BS7:BS15))/(SUM(BR7:BR15)+SUM(BS7:BS15))*100 -> 63.346405 | BU15: =SUM(A6:A15) -> 85 | BV15: =(A6*A6)+(A7*A7)+(A8*A8)+(A9*A9)+(A10*A10)+(A11*A11)+(A12*A12)+(A13*A13)+(A14*A14)+(A15*A15) -> 805 | BW15: =SUM(B6:B15) -> 484131 | BX15: =(A6*B6)+(A7*B7)+(A8*B8)+(A9*B9)+(A10*B10)+(A11*B11)+(A12*B12)+(A13*B13)+(A14*B14)+(A15*B15) -> 4150343 | BY15: =(10*BX15-BU15*BW15)/(10*BV15-BU15*BU15) -> 427.02424 | BZ15: =(BW15*BV15-BU15*BX15)/(10*BV15-BU15*BU15) -> 44783.394 | CA15: =BY15*A15+BZ15 -> 50334.709
A16: 14 | B16: =DATA!H15 -> 50410 | C16: =DATA!C418+DATA!D418 -> 14413000 | D16: =B16*C16 -> 726559330000 | E16: =AVERAGE(B7:B16) -> 48835.5 | I16: =(2/13)*(B16-I15)+I15 -> 48292.923 | R16: =(MIN(B8:B16)+MAX(B8:B16))*0.5 -> 49112.5 | W16: =(B16-B15)/B15 -> -0.012188431 | X16: =IF(W16>=0,W16,0) -> 0 | Y16: =IF(W16<0,ABS(W16),0) -> 0.012188431 | AE16: =AVERAGE(B3:B16) -> 47823 | AF16: =STDEV(B3:B16) -> 2057.5872 | AG16: =IF(W16>=0,AF16,0) -> 0 | AH16: =IF(W16<0,AF16,0) -> 2057.5872 | AL16: =B16-B15 -> -622 | AO16: =ABS(AL16) -> 622 | AT16: =IF(W16>=0,D16,0) -> 0 | AU16: =IF(W16<0,D16,0) -> 726559330000 | BC16: =(B16-B15)*C16 -> -8964886000 | BD16: =AVERAGE(BC4:BC16) -> 1.579715e+09 | BE16: =MAX(B3:B16) -> 51032 | BF16: =MIN(B3:B16) -> 44514 | BG16: =(B16-BF16)/(BE16-BF16) -> 0.90457195 | BH16: =(2/6)*(B16-BH15)+BH15 -> 49903.43 | BK16: =(2/6)*(C16-BK15)+BK15 -> 7151211.2 | BN16: =(2/6)*(D16-BN15)+BN15 -> 3.5854859e+11 | BQ16: =B16-B15 -> -622 | BR16: =IF(BQ16>=0,BQ16,0) -> 0 | BS16: =IF(BQ16<0,ABS(BQ16),0) -> 622 | BT16: =(SUM(BR8:BR16)-SUM(BS8:BS16))/(SUM(BR8:BR16)+SUM(BS8:BS16))*100 -> 40.020744 | BU16: =SUM(A7:A16) -> 95 | BV16: =(A7*A7)+(A8*A8)+(A9*A9)+(A10*A10)+(A11*A11)+(A12*A12)+(A13*A13)+(A14*A14)+(A15*A15)+(A16*A16) -> 985 | BW16: =SUM(B7:B16) -> 488355 | BX16: =(A7*B7)+(A8*B8)+(A9*B9)+(A10*B10)+(A11*B11)+(A12*B12)+(A13*B13)+(A14*B14)+(A15*B15)+(A16*B16) -> 4671339 | BY16: =(10*BX16-BU16*BW16)/(10*BV16-BU16*BU16) -> 387.47273 | BZ16: =(BW16*BV16-BU16*BX16)/(10*BV16-BU16*BU16) -> 45154.509 | CA16: =BY16*A16+BZ16 -> 50579.127
A17: 15 | B17: =DATA!H16 -> 50352 | C17: =DATA!C409+DATA!D409 -> 11516000 | D17: =B17*C17 -> 579853632000 | E17: =AVERAGE(B8:B17) -> 49099.8 | I17: =(2/13)*(B17-I16)+I16 -> 48609.704 | R17: =(MIN(B9:B17)+MAX(B9:B17))*0.5 -> 49112.5 | W17: =(B17-B16)/B16 -> -0.0011505654 | X17: =IF(W17>=0,W17,0) -> 0 | Y17: =IF(W17<0,ABS(W17),0) -> 0.0011505654 | Z17: =AVERAGE(X4:X17) -> 0.01280768 | AA17: =AVERAGE(Y4:Y17) -> 0.0045424464 | AB17: =100*Z17/(Z17+AA17) -> 73.818943 | AE17: =AVERAGE(B4:B17) -> 48205.786 | AF17: =STDEV(B4:B17) -> 1987.9103 | AG17: =IF(W17>=0,AF17,0) -> 0 | AH17: =IF(W17<0,AF17,0) -> 1987.9103 | AL17: =B17-B16 -> -58 | AO17: =ABS(AL17) -> 58 | AT17: =IF(W17>=0,D17,0) -> 0 | AU17: =IF(W17<0,D17,0) -> 579853632000 | AV17: =AVERAGE(AT4:AT17) -> 1.1522689e+11 | AW17: =AVERAGE(AU4:AU17) -> 1.2619562e+11 | AX17: =AV17/AW17 -> 0.91308153 | AY17: =IF(AW17=0,100,100-(100/(1+AX17))) -> 47.728312 | BC17: =(B17-B16)*C17 -> -667928000 | BD17: =(2/14)*(BC17-BD16)+BD16 -> 1.2586232e+09 | BE17: =MAX(B4:B17) -> 51032 | BF17: =MIN(B4:B17) -> 44514 | BG17: =(B17-BF17)/(BE17-BF17) -> 0.89567352 | BH17: =(2/6)*(B17-BH16)+BH16 -> 50052.954 | BK17: =(2/6)*(C17-BK16)+BK16 -> 8606140.8 | BN17: =(2/6)*(D17-BN16)+BN16 -> 4.3231694e+11 | BQ17: =B17-B16 -> -58 | BR17: =IF(BQ17>=0,BQ17,0) -> 0 | BS17: =IF(BQ17<0,ABS(BQ17),0) -> 58 | BT17: =(SUM(BR9:BR17)-SUM(BS9:BS17))/(SUM(BR9:BR17)+SUM(BS9:BS17))*100 -> 35.859519 | BU17: =SUM(A8:A17) -> 105 | BV17: =(A8*A8)+(A9*A9)+(A10*A10)+(A11*A11)+(A12*A12)+(A13*A13)+(A14*A14)+(A15*A15)+(A16*A16)+(A17*A17) -> 1185 | BW17: =SUM(B8:B17) -> 490998 | BX17: =(A8*B8)+(A9*B9)+(A10*B10)+(A11*B11)+(A12*B12)+(A13*B13)+(A14*B14)+(A15*B15)+(A16*B16)+(A17*B17) -> 5188074 | BY17: =(10*BX17-BU17*BW17)/(10*BV17-BU17*BU17) -> 395.09091 | BZ17: =(BW17*BV17-BU17*BX17)/(10*BV17-BU17*BU17) -> 44951.345 | CA17: =BY17*A17+BZ17 -> 50877.709
A18: 16 | B18: =DATA!H17 -> 48388 | C18: =DATA!C400+DATA!D5400 -> 2291000 | D18: =B18*C18 -> 110856908000 | E18: =AVERAGE(B9:B18) -> 49136.2 | I18: =(2/13)*(B18-I17)+I17 -> 48575.596 | R18: =(MIN(B10:B18)+MAX(B10:B18))*0.5 -> 49112.5 | W18: =(B18-B17)/B17 -> -0.039005402 | X18: =IF(W18>=0,W18,0) -> 0 | Y18: =IF(W18<0,ABS(W18),0) -> 0.039005402 | Z18: =AVERAGE(X5:X18) -> 0.012044069 | AA18: =AVERAGE(Y5:Y18) -> 0.0073285465 | AB18: =100*Z18/(Z18+AA18) -> 62.170588 | AE18: =AVERAGE(B5:B18) -> 48413.929 | AF18: =STDEV(B5:B18) -> 1825.8245 | AG18: =IF(W18>=0,AF18,0) -> 0 | AH18: =IF(W18<0,AF18,0) -> 1825.8245 | AL18: =B18-B17 -> -1964 | AO18: =ABS(AL18) -> 1964 | AT18: =IF(W18>=0,D18,0) -> 0 | AU18: =IF(W18<0,D18,0) -> 110856908000 | AV18: =AVERAGE(AT5:AT18) -> 1.0131147e+11 | AW18: =AVERAGE(AU5:AU18) -> 134113971189 | AX18: =AV18/AW18 -> 0.75541324 | AY18: =IF(AW18=0,100,100-(100/(1+AX18))) -> 43.033357 | BC18: =(B18-B17)*C18 -> -4499524000 | BD18: =(2/14)*(BC18-BD17)+BD17 -> 4.3603073e+08 | BE18: =MAX(B5:B18) -> 51032 | BF18: =MIN(B5:B18) -> 44514 | BG18: =(B18-BF18)/(BE18-BF18) -> 0.5943541 | BH18: =(2/6)*(B18-BH17)+BH17 -> 49497.969 | BK18: =(2/6)*(C18-BK17)+BK17 -> 6501093.9 | BN18: =(2/6)*(D18-BN17)+BN17 -> 3.2516359e+11 | BQ18: =B18-B17 -> -1964 | BR18: =IF(BQ18>=0,BQ18,0) -> 0 | BS18: =IF(BQ18<0,ABS(BQ18),0) -> 1964 | BT18: =(SUM(BR10:BR18)-SUM(BS10:BS18))/(SUM(BR10:BR18)+SUM(BS10:BS18))*100 -> 3.5518474 | BU18: =SUM(A9:A18) -> 115 | BV18: =(A9*A9)+(A10*A10)+(A11*A11)+(A12*A12)+(A13*A13)+(A14*A14)+(A15*A15)+(A16*A16)+(A17*A17)+(A18*A18) -> 1405 | BW18: =SUM(B9:B18) -> 491362 | BX18: =(A9*B9)+(A10*B10)+(A11*B11)+(A12*B12)+(A13*B13)+(A14*B14)+(A15*B15)+(A16*B16)+(A17*B17)+(A18*B18) -> 5674138 | BY18: =(10*BX18-BU18*BW18)/(10*BV18-BU18*BU18) -> 284.54545 | BZ18: =(BW18*BV18-BU18*BX18)/(10*BV18-BU18*BU18) -> 45863.927 | CA18: =BY18*A18+BZ18 -> 50416.655
A19: 17 | B19: =DATA!H18 -> 47514 | C19: =DATA!C391+DATA!D391 -> 9387000 | D19: =B19*C19 -> 446013918000 | E19: =AVERAGE(B10:B19) -> 49078.6 | I19: =(2/13)*(B19-I18)+I18 -> 48412.273 | R19: =(MIN(B11:B19)+MAX(B11:B19))*0.5 -> 49273 | W19: =(B19-B18)/B18 -> -0.01806233 | X19: =IF(W19>=0,W19,0) -> 0 | Y19: =IF(W19<0,ABS(W19),0) -> 0.01806233 | Z19: =AVERAGE(X6:X19) -> 0.012044069 | AA19: =AVERAGE(Y6:Y19) -> 0.0071107869 | AB19: =100*Z19/(Z19+AA19) -> 62.877367 | AE19: =AVERAGE(B6:B19) -> 48628.214 | AF19: =STDEV(B6:B19) -> 1475.3051 | AG19: =IF(W19>=0,AF19,0) -> 0 | AH19: =IF(W19<0,AF19,0) -> 1475.3051 | AL19: =B19-B18 -> -874 | AO19: =ABS(AL19) -> 874 | AT19: =IF(W19>=0,D19,0) -> 0 | AU19: =IF(W19<0,D19,0) -> 446013918000 | AV19: =AVERAGE(AT6:AT19) -> 1.0131147e+11 | AW19: =AVERAGE(AU6:AU19) -> 1.5228087e+11 | AX19: =AV19/AW19 -> 0.66529346 | AY19: =IF(AW19=0,100,100-(100/(1+AX19))) -> 39.950524 | BC19: =(B19-B18)*C19 -> -8204238000 | BD19: =(2/14)*(BC19-BD18)+BD18 -> -7.9829337e+08 | BE19: =MAX(B6:B19) -> 51032 | BF19: =MIN(B6:B19) -> 46186 | BG19: =(B19-BF19)/(BE19-BF19) -> 0.27404045 | BH19: =(2/6)*(B19-BH18)+BH18 -> 48836.646 | BK19: =(2/6)*(C19-BK18)+BK18 -> 7463062.6 | BN19: =(2/6)*(D19-BN18)+BN18 -> 3.6544704e+11 | BQ19: =B19-B18 -> -874 | BR19: =IF(BQ19>=0,BQ19,0) -> 0 | BS19: =IF(BQ19<0,ABS(BQ19),0) -> 874 | BT19: =(SUM(BR11:BR19)-SUM(BS11:BS19))/(SUM(BR11:BR19)+SUM(BS11:BS19))*100 -> 3.8365005 | BU19: =SUM(A10:A19) -> 125 | BV19: =(A10*A10)+(A11*A11)+(A12*A12)+(A13*A13)+(A14*A14)+(A15*A15)+(A16*A16)+(A17*A17)+(A18*A18)+(A19*A19) -> 1645 | BW19: =SUM(B10:B19) -> 490786 | BX19: =(A10*B10)+(A11*B11)+(A12*B12)+(A13*B13)+(A14*B14)+(A15*B15)+(A16*B16)+(A17*B17)+(A18*B18)+(A19*B19) -> 6145246 | BY19: =(10*BX19-BU19*BW19)/(10*BV19-BU19*BU19) -> 126.31515 | BZ19: =(BW19*BV19-BU19*BX19)/(10*BV19-BU19*BU19) -> 47499.661 | CA19: =BY19*A19+BZ19 -> 49647.018
A20: 18 | B20: =DATA!H19 -> 48464 | C20: =DATA!C382+DATA!D382 -> 220544 | D20: =B20*C20 -> 10688444416 | E20: =AVERAGE(B11:B20) -> 49205.7 | I20: =(2/13)*(B20-I19)+I19 -> 48420.231 | R20: =(MIN(B12:B20)+MAX(B12:B20))*0.5 -> 49273 | W20: =(B20-B19)/B19 -> 0.019994107 | X20: =IF(W20>=0,W20,0) -> 0.019994107 | Y20: =IF(W20<0,ABS(W20),0) -> 0 | Z20: =AVERAGE(X7:X20) -> 0.010789276 | AA20: =AVERAGE(Y7:Y20) -> 0.0071107869 | AB20: =100*Z20/(Z20+AA20) -> 60.275072 | AE20: =AVERAGE(B7:B20) -> 48790.929 | AF20: =STDEV(B7:B20) -> 1300.4946 | AG20: =IF(W20>=0,AF20,0) -> 1300.4946 | AH20: =IF(W20<0,AF20,0) -> 0 | AL20: =B20-B19 -> 950 | AO20: =ABS(AL20) -> 950 | AT20: =IF(W20>=0,D20,0) -> 10688444416 | AU20: =IF(W20<0,D20,0) -> 0 | AV20: =AVERAGE(AT7:AT20) -> 8.6153955e+10 | AW20: =AVERAGE(AU7:AU20) -> 1.5228087e+11 | AX20: =AV20/AW20 -> 0.5657569 | AY20: =IF(AW20=0,100,100-(100/(1+AX20))) -> 36.133125 | BC20: =(B20-B19)*C20 -> 209516800 | BD20: =(2/14)*(BC20-BD19)+BD19 -> -6.5432049e+08 | BE20: =MAX(B7:B20) -> 51032 | BF20: =MIN(B7:B20) -> 47193 | BG20: =(B20-BF20)/(BE20-BF20) -> 0.3310758 | BH20: =(2/6)*(B20-BH19)+BH19 -> 48712.431 | BK20: =(2/6)*(C20-BK19)+BK19 -> 5048889.7 | BN20: =(2/6)*(D20-BN19)+BN19 -> 2.4719417e+11 | BQ20: =B20-B19 -> 950 | BR20: =IF(BQ20>=0,BQ20,0) -> 950 | BS20: =IF(BQ20<0,ABS(BQ20),0) -> 0 | BT20: =(SUM(BR12:BR20)-SUM(BS12:BS20))/(SUM(BR12:BR20)+SUM(BS12:BS20))*100 -> 3.9512952 | BU20: =SUM(A11:A20) -> 135 | BV20: =(A11*A11)+(A12*A12)+(A13*A13)+(A14*A14)+(A15*A15)+(A16*A16)+(A17*A17)+(A18*A18)+(A19*A19)+(A20*A20) -> 1905 | BW20: =SUM(B11:B20) -> 492057 | BX20: =(A11*B11)+(A12*B12)+(A13*B13)+(A14*B14)+(A15*B15)+(A16*B16)+(A17*B17)+(A18*B18)+(A19*B19)+(A20*B20) -> 6640054 | BY20: =(10*BX20-BU20*BW20)/(10*BV20-BU20*BU20) -> -32.915152 | BZ20: =(BW20*BV20-BU20*BX20)/(10*BV20-BU20*BU20) -> 49650.055 | CA20: =BY20*A20+BZ20 -> 49057.582
A21: 19 | B21: =DATA!H20 -> 50887 | C21: =DATA!C373+DATA!D373 -> 447477 | D21: =B21*C21 -> 22770762099 | E21: =AVERAGE(B12:B21) -> 49481.1 | I21: =(2/13)*(B21-I20)+I20 -> 48799.734 | R21: =(MIN(B13:B21)+MAX(B13:B21))*0.5 -> 49273 | W21: =(B21-B20)/B20 -> 0.049995873 | X21: =IF(W21>=0,W21,0) -> 0.049995873 | Y21: =IF(W21<0,ABS(W21),0) -> 0 | Z21: =AVERAGE(X8:X21) -> 0.012005027 | AA21: =AVERAGE(Y8:Y21) -> 0.0071107869 | AB21: =100*Z21/(Z21+AA21) -> 62.801547 | AE21: =AVERAGE(B8:B21) -> 49017.929 | AF21: =STDEV(B8:B21) -> 1372.484 | AG21: =IF(W21>=0,AF21,0) -> 1372.484 | AH21: =IF(W21<0,AF21,0) -> 0 | AL21: =B21-B20 -> 2423 | AO21: =ABS(AL21) -> 2423 | AT21: =IF(W21>=0,D21,0) -> 22770762099 | AU21: =IF(W21<0,D21,0) -> 0 | AV21: =AVERAGE(AT8:AT21) -> 7.8956223e+10 | AW21: =AVERAGE(AU8:AU21) -> 1.5228087e+11 | AX21: =AV21/AW21 -> 0.51849074 | AY21: =IF(AW21=0,100,100-(100/(1+AX21))) -> 34.145137 | BC21: =(B21-B20)*C21 -> 1084236771 | BD21: =(2/14)*(BC21-BD20)+BD20 -> -4.0595517e+08 | BE21: =MAX(B8:B21) -> 51032 | BF21: =MIN(B8:B21) -> 47193 | BG21: =(B21-BF21)/(BE21-BF21) -> 0.96222975 | BH21: =(2/6)*(B21-BH20)+BH20 -> 49437.287 | BK21: =(2/6)*(C21-BK20)+BK20 -> 3515085.5 | BN21: =(2/6)*(D21-BN20)+BN20 -> 1.7238637e+11 | BQ21: =B21-B20 -> 2423 | BR21: =IF(BQ21>=0,BQ21,0) -> 2423 | BS21: =IF(BQ21<0,ABS(BQ21),0) -> 0 | BT21: =(SUM(BR13:BR21)-SUM(BS13:BS21))/(SUM(BR13:BR21)+SUM(BS13:BS21))*100 -> 31.656144 | BU21: =SUM(A12:A21) -> 145 | BV21: =(A12*A12)+(A13*A13)+(A14*A14)+(A15*A15)+(A16*A16)+(A17*A17)+(A18*A18)+(A19*A19)+(A20*A20)+(A21*A21) -> 2185 | BW21: =SUM(B12:B21) -> 494811 | BX21: =(A12*B12)+(A13*B13)+(A14*B14)+(A15*B15)+(A16*B16)+(A17*B17)+(A18*B18)+(A19*B19)+(A20*B20)+(A21*B21) -> 7173710 | BY21: =(10*BX21-BU21*BW21)/(10*BV21-BU21*BU21) -> -12.721212 | BZ21: =(BW21*BV21-BU21*BX21)/(10*BV21-BU21*BU21) -> 49665.558 | CA21: =BY21*A21+BZ21 -> 49423.855
A22: 20 | B22: =DATA!H21 -> 53431 | C22: =DATA!C364+DATA!D364 -> 1821000 | D22: =B22*C22 -> 97297851000 | E22: =AVERAGE(B13:B22) -> 50061.4 | F22: =AVERAGE(B3:B22) -> 48427.9 | H22: =SUM(D3:D22)/SUM(C3:C22) -> 48515.819 | I22: =(2/13)*(B22-I21)+I21 -> 49512.237 | M22: =MAX(B3:B22) -> 53431 | N22: =MIN(B3:B22) -> 44514 | O22: =AVERAGE(B3:B22) -> 48427.9 | P22: =O22+2*STDEVPA(B3:B22) -> 52804.628 | Q22: =O22-2*STDEVPA(B3:B22) -> 44051.172 | R22: =(MIN(B14:B22)+MAX(B14:B22))*0.5 -> 50472.5 | W22: =(B22-B21)/B21 -> 0.049993122 | X22: =IF(W22>=0,W22,0) -> 0.049993122 | Y22: =IF(W22<0,ABS(W22),0) -> 0 | Z22: =AVERAGE(X9:X22) -> 0.015104355 | AA22: =AVERAGE(Y9:Y22) -> 0.0071107869 | AB22: =100*Z22/(Z22+AA22) -> 67.99126 | AE22: =AVERAGE(B9:B22) -> 49404.143 | AF22: =STDEV(B9:B22) -> 1773.4648 | AG22: =IF(W22>=0,AF22,0) -> 1773.4648 | AH22: =IF(W22<0,AF22,0) -> 0 | AL22: =B22-B21 -> 2544 | AO22: =ABS(AL22) -> 2544 | AT22: =IF(W22>=0,D22,0) -> 97297851000 | AU22: =IF(W22<0,D22,0) -> 0 | AV22: =AVERAGE(AT9:AT22) -> 7.2082018e+10 | AW22: =AVERAGE(AU9:AU22) -> 1.5228087e+11 | AX22: =AV22/AW22 -> 0.47334912 | AY22: =IF(AW22=0,100,100-(100/(1+AX22))) -> 32.127424 | AZ22: =AVERAGE(B3:B22) -> 48427.9 | BA22: {=SUM(ABS((B3:B22-AVERAGE(B3:B22))))/COUNT(B3:B22)} -> 1728.88 | BB22: =(B22-AZ22)/(0.015*BA22) -> 192.92259 | BC22: =(B22-B21)*C22 -> 4632624000 | BD22: =(2/14)*(BC22-BD21)+BD21 -> 3.1384185e+08 | BE22: =MAX(B9:B22) -> 53431 | BF22: =MIN(B9:B22) -> 47193 | BG22: =(B22-BF22)/(BE22-BF22) -> 1 | BH22: =(2/6)*(B22-BH21)+BH21 -> 50768.525 | BI22: =AVERAGE(B3:B22) -> 48427.9 | BJ22: =(BH22-BI22)/BI22 -> 0.048332155 | BK22: =(2/6)*(C22-BK21)+BK21 -> 2950390.3 | BL22: =AVERAGE(C3:C22) -> 4410793.3 | BM22: =(BK22-BL22)/BL22 -> -0.33109758 | BN22: =(2/6)*(D22-BN21)+BN21 -> 1.4735686e+11 | BO22: =AVERAGE(D3:D22) -> 2.1399325e+11 | BP22: =(BN22-BO22)/BO22 -> -0.31139481 | BQ22: =B22-B21 -> 2544 | BR22: =IF(BQ22>=0,BQ22,0) -> 2544 | BS22: =IF(BQ22<0,ABS(BQ22),0) -> 0 | BT22: =(SUM(BR14:BR22)-SUM(BS14:BS22))/(SUM(BR14:BR22)+SUM(BS14:BS22))*100 -> 34.107511 | BU22: =SUM(A13:A22) -> 155 | BV22: =(A13*A13)+(A14*A14)+(A15*A15)+(A16*A16)+(A17*A17)+(A18*A18)+(A19*A19)+(A20*A20)+(A21*A21)+(A22*A22) -> 2485 | BW22: =SUM(B13:B22) -> 500614 | BX22: =(A13*B13)+(A14*B14)+(A15*B15)+(A16*B16)+(A17*B17)+(A18*B18)+(A19*B19)+(A20*B20)+(A21*B21)+(A22*B22) -> 7766050 | BY22: =(10*BX22-BU22*BW22)/(10*BV22-BU22*BU22) -> 79.187879 | BZ22: =(BW22*BV22-BU22*BX22)/(10*BV22-BU22*BU22) -> 48833.988 | CA22: =BY22*A22+BZ22 -> 50417.745 | CB22: =SUM(A3:A22) -> 210 | CC22: =(A3*A3)+(A4*A4)+(A5*A5)+(A6*A6)+(A7*A7)+(A8*A8)+(A9*A9)+(A10*A10)+(A11*A11)+(A12*A12)+(A13*A13)+(A14*A14)+(A15*A15)+(A16*A16)+(A17*A17)+(A18*A18)+(A19*A19)+(A20*A20)+(A21*A21)+(A22*A22) -> 2870 | CD22: =SUM(B3:B22) -> 968558 | CE22: =(A3*B3)+(A4*B4)+(A5*B5)+(A6*B6)+(A7*B7)+(A8*B8)+(A9*B9)+(A10*B10)+(A11*B11)+(A12*B12)+(A13*B13)+(A14*B14)+(A15*B15)+(A16*B16)+(A17*B17)+(A18*B18)+(A19*B19)+(A20*B20)+(A21*B21)+(A22*B22) -> 10370617 | CF22: =(20*CE22-CB22*CD22)/(20*CC22-CB22*CB22) -> 301.89173 | CG22: =(CD22*CC22-CB22*CE22)/(20*CC22-CB22*CB22) -> 45258.037 | CH22: =CF22*A22+CG22 -> 51295.871
A23: 21 | B23: =DATA!H22 -> 55917 | C23: =DATA!C355+DATA!D355 -> 13180000 | D23: =B23*C23 -> 736986060000 | E23: =AVERAGE(B14:B23) -> 50674.2 | F23: =AVERAGE(B4:B23) -> 48974.1 | H23: =SUM(D4:D23)/SUM(C4:C23) -> 49696.782 | I23: =(2/13)*(B23-I22)+I22 -> 50497.585 | M23: =MAX(B4:B23) -> 55917 | N23: =MIN(B4:B23) -> 44514 | O23: =AVERAGE(B4:B23) -> 48974.1 | P23: =O23+2*STDEVPA(B4:B23) -> 54152.906 | Q23: =O23-2*STDEVPA(B4:B23) -> 43795.294 | R23: =(MIN(B15:B23)+MAX(B15:B23))*0.5 -> 51715.5 | W23: =(B23-B22)/B22 -> 0.046527297 | X23: =IF(W23>=0,W23,0) -> 0.046527297 | Y23: =IF(W23<0,ABS(W23),0) -> 0 | Z23: =AVERAGE(X10:X23) -> 0.018329568 | AA23: =AVERAGE(Y10:Y23) -> 0.0071107869 | AB23: =100*Z23/(Z23+AA23) -> 72.049183 | AE23: =AVERAGE(B10:B23) -> 49963.214 | AF23: =STDEV(B10:B23) -> 2436.9241 | AG23: =IF(W23>=0,AF23,0) -> 2436.9241 | AH23: =IF(W23<0,AF23,0) -> 0 | AL23: =B23-B22 -> 2486 | AO23: =ABS(AL23) -> 2486 | AT23: =IF(W23>=0,D23,0) -> 736986060000 | AU23: =IF(W23<0,D23,0) -> 0 | AV23: =AVERAGE(AT10:AT23) -> 1.1645375e+11 | AW23: =AVERAGE(AU10:AU23) -> 1.5228087e+11 | AX23: =AV23/AW23 -> 0.76472998 | AY23: =IF(AW23=0,100,100-(100/(1+AX23))) -> 43.334107 | AZ23: =AVERAGE(B4:B23) -> 48974.1 | BA23: {=SUM(ABS((B4:B23-AVERAGE(B4:B23))))/COUNT(B4:B23)} -> 2037.22 | BB23: =(B23-AZ23)/(0.015*BA23) -> 227.20177 | BC23: =(B23-B22)*C23 -> 32765480000 | BD23: =(2/14)*(BC23-BD22)+BD22 -> 4.9497902e+09 | BE23: =MAX(B10:B23) -> 55917 | BF23: =MIN(B10:B23) -> 47193 | BG23: =(B23-BF23)/(BE23-BF23) -> 1 | BH23: =(2/6)*(B23-BH22)+BH22 -> 52484.683 | BI23: =(2/21)*(B23-BI22)+BI22 -> 49141.148 | BJ23: =(BH23-BI23)/BI23 -> 0.068039427 | BK23: =(2/6)*(C23-BK22)+BK22 -> 6360260.2 | BL23: =(2/21)*(C23-BL22)+BL22 -> 5245955.8 | BM23: =(BK23-BL23)/BL23 -> 0.21241208 | BN23: =(2/6)*(D23-BN22)+BN22 -> 3.4389993e+11 | BO23: =AVERAGE(D4:D23) -> 2.4022645e+11 | BP23: =(BN23-BO23)/BO23 -> 0.4315656 | BQ23: =B23-B22 -> 2486 | BR23: =IF(BQ23>=0,BQ23,0) -> 2486 | BS23: =IF(BQ23<0,ABS(BQ23),0) -> 0 | BT23: =(SUM(BR15:BR23)-SUM(BS15:BS23))/(SUM(BR15:BR23)+SUM(BS15:BS23))*100 -> 44.185309 | BU23: =SUM(A14:A23) -> 165 | BV23: =(A14*A14)+(A15*A15)+(A16*A16)+(A17*A17)+(A18*A18)+(A19*A19)+(A20*A20)+(A21*A21)+(A22*A22)+(A23*A23) -> 2805 | BW23: =SUM(B14:B23) -> 506742 | BX23: =(A14*B14)+(A15*B15)+(A16*B16)+(A17*B17)+(A18*B18)+(A19*B19)+(A20*B20)+(A21*B21)+(A22*B22)+(A23*B23) -> 8392628 | BY23: =(10*BX23-BU23*BW23)/(10*BV23-BU23*BU23) -> 380.42424 | BZ23: =(BW23*BV23-BU23*BX23)/(10*BV23-BU23*BU23) -> 44397.2 | CA23: =BY23*A23+BZ23 -> 52386.109 | CB23: =SUM(A4:A23) -> 230 | CC23: =(A4*A4)+(A5*A5)+(A6*A6)+(A7*A7)+(A8*A8)+(A9*A9)+(A10*A10)+(A11*A11)+(A12*A12)+(A13*A13)+(A14*A14)+(A15*A15)+(A16*A16)+(A17*A17)+(A18*A18)+(A19*A19)+(A20*A20)+(A21*A21)+(A22*A22)+(A23*A23) -> 3310 | CD23: =SUM(B4:B23) -> 979482 | CE23: =(A4*B4)+(A5*B5)+(A6*B6)+(A7*B7)+(A8*B8)+(A9*B9)+(A10*B10)+(A11*B11)+(A12*B12)+(A13*B13)+(A14*B14)+(A15*B15)+(A16*B16)+(A17*B17)+(A18*B18)+(A19*B19)+(A20*B20)+(A21*B21)+(A22*B22)+(A23*B23) -> 11499881 | CF23: =(20*CE23-CB23*CD23)/(20*CC23-CB23*CB23) -> 354.64361 | CG23: =(CD23*CC23-CB23*CE23)/(20*CC23-CB23*CB23) -> 44895.698 | CH23: =CF23*A23+CG23 -> 52343.214
A24: 22 | B24: =DATA!H23 -> 58008 | C24: =DATA!C346+DATA!D346 -> 6859000 | D24: =B24*C24 -> 397876872000 | E24: =AVERAGE(B15:B24) -> 51440.3 | F24: =AVERAGE(B5:B24) -> 49600.8 | H24: =SUM(D5:D24)/SUM(C5:C24) -> 50453.418 | I24: =(2/13)*(B24-I23)+I23 -> 51653.033 | M24: =MAX(B5:B24) -> 58008 | N24: =MIN(B5:B24) -> 44514 | O24: =AVERAGE(B5:B24) -> 49600.8 | P24: =O24+2*STDEVPA(B5:B24) -> 55855.49 | Q24: =O24-2*STDEVPA(B5:B24) -> 43346.11 | R24: =(MIN(B16:B24)+MAX(B16:B24))*0.5 -> 52761 | W24: =(B24-B23)/B23 -> 0.03739471 | X24: =IF(W24>=0,W24,0) -> 0.03739471 | Y24: =IF(W24<0,ABS(W24),0) -> 0 | Z24: =AVERAGE(X11:X24) -> 0.021000619 | AA24: =AVERAGE(Y11:Y24) -> 0.0057784636 | AB24: =100*Z24/(Z24+AA24) -> 78.421727 | AE24: =AVERAGE(B11:B24) -> 50735.714 | AF24: =STDEV(B11:B24) -> 3111.9088 | AG24: =IF(W24>=0,AF24,0) -> 3111.9088 | AH24: =IF(W24<0,AF24,0) -> 0 | AL24: =B24-B23 -> 2091 | AO24: =ABS(AL24) -> 2091 | AT24: =IF(W24>=0,D24,0) -> 397876872000 | AU24: =IF(W24<0,D24,0) -> 0 | AV24: =AVERAGE(AT11:AT24) -> 1.4487353e+11 | AW24: =AVERAGE(AU11:AU24) -> 1.4480138e+11 | AX24: =AV24/AW24 -> 1.0004982 | AY24: =IF(AW24=0,100,100-(100/(1+AX24))) -> 50.012452 | AZ24: =AVERAGE(B5:B24) -> 49600.8 | BA24: {=SUM(ABS((B5:B24-AVERAGE(B5:B24))))/COUNT(B5:B24)} -> 2376.58 | BB24: =(B24-AZ24)/(0.015*BA24) -> 235.83469 | BC24: =(B24-B23)*C24 -> 14342169000 | BD24: =(2/14)*(BC24-BD23)+BD23 -> 6.2915586e+09 | BE24: =MAX(B11:B24) -> 58008 | BF24: =MIN(B11:B24) -> 47514 | BG24: =(B24-BF24)/(BE24-BF24) -> 1 | BH24: =(2/6)*(B24-BH23)+BH23 -> 54325.789 | BI24: =(2/21)*(B24-BI23)+BI23 -> 49985.61 | BJ24: =(BH24-BI24)/BI24 -> 0.08682857 | BK24: =(2/6)*(C24-BK23)+BK23 -> 6526506.8 | BL24: =(2/21)*(C24-BL23)+BL23 -> 5399579.1 | BM24: =(BK24-BL24)/BL24 -> 0.20870658 | BN24: =(2/6)*(D24-BN23)+BN23 -> 3.6189224e+11 | BO24: =AVERAGE(D5:D24) -> 2.503795e+11 | BP24: =(BN24-BO24)/BO24 -> 0.44537487 | BQ24: =B24-B23 -> 2091 | BR24: =IF(BQ24>=0,BQ24,0) -> 2091 | BS24: =IF(BQ24<0,ABS(BQ24),0) -> 0 | BT24: =(SUM(BR16:BR24)-SUM(BS16:BS24))/(SUM(BR16:BR24)+SUM(BS16:BS24))*100 -> 49.785898 | BU24: =SUM(A15:A24) -> 175 | BV24: =(A15*A15)+(A16*A16)+(A17*A17)+(A18*A18)+(A19*A19)+(A20*A20)+(A21*A21)+(A22*A22)+(A23*A23)+(A24*A24) -> 3145 | BW24: =SUM(B15:B24) -> 514403 | BX24: =(A15*B15)+(A16*B16)+(A17*B17)+(A18*B18)+(A19*B19)+(A20*B20)+(A21*B21)+(A22*B22)+(A23*B23)+(A24*B24) -> 9064640 | BY24: =(10*BX24-BU24*BW24)/(10*BV24-BU24*BU24) -> 758.63636 | BZ24: =(BW24*BV24-BU24*BX24)/(10*BV24-BU24*BU24) -> 38164.164 | CA24: =BY24*A24+BZ24 -> 54854.164 | CB24: =SUM(A5:A24) -> 250 | CC24: =(A5*A5)+(A6*A6)+(A7*A7)+(A8*A8)+(A9*A9)+(A10*A10)+(A11*A11)+(A12*A12)+(A13*A13)+(A14*A14)+(A15*A15)+(A16*A16)+(A17*A17)+(A18*A18)+(A19*A19)+(A20*A20)+(A21*A21)+(A22*A22)+(A23*A23)+(A24*A24) -> 3790 | CD24: =SUM(B5:B24) -> 992016 | CE24: =(A5*B5)+(A6*B6)+(A7*B7)+(A8*B8)+(A9*B9)+(A10*B10)+(A11*B11)+(A12*B12)+(A13*B13)+(A14*B14)+(A15*B15)+(A16*B16)+(A17*B17)+(A18*B18)+(A19*B19)+(A20*B20)+(A21*B21)+(A22*B22)+(A23*B23)+(A24*B24) -> 12685109 | CF24: =(20*CE24-CB24*CD24)/(20*CC24-CB24*CB24) -> 428.43459 | CG24: =(CD24*CC24-CB24*CE24)/(20*CC24-CB24*CB24) -> 44245.368 | CH24: =CF24*A24+CG24 -> 53670.929
A25: 23 | B25: =DATA!H24 -> 59999 | C25: =DATA!C337+DATA!D337 -> 9395000 | D25: =B25*C25 -> 563690605000 | E25: =AVERAGE(B16:B25) -> 52337 | F25: =AVERAGE(B6:B25) -> 50375.05 | H25: =SUM(D6:D25)/SUM(C6:C25) -> 51558.029 | I25: =(2/13)*(B25-I24)+I24 -> 52937.028 | M25: =MAX(B6:B25) -> 59999 | N25: =MIN(B6:B25) -> 46186 | O25: =AVERAGE(B6:B25) -> 50375.05 | P25: =O25+2*STDEVPA(B6:B25) -> 57667.011 | Q25: =O25-2*STDEVPA(B6:B25) -> 43083.089 | R25: =(MIN(B17:B25)+MAX(B17:B25))*0.5 -> 53756.5 | W25: =(B25-B24)/B24 -> 0.034322852 | X25: =IF(W25>=0,W25,0) -> 0.034322852 | Y25: =IF(W25<0,ABS(W25),0) -> 0 | Z25: =AVERAGE(X12:X25) -> 0.022029522 | AA25: =AVERAGE(Y12:Y25) -> 0.0057784636 | AB25: =100*Z25/(Z25+AA25) -> 79.220129 | AE25: =AVERAGE(B12:B25) -> 51583.286 | AF25: =STDEV(B12:B25) -> 3871.6797 | AG25: =IF(W25>=0,AF25,0) -> 3871.6797 | AH25: =IF(W25<0,AF25,0) -> 0 | AL25: =B25-B24 -> 1991 | AO25: =ABS(AL25) -> 1991 | AT25: =IF(W25>=0,D25,0) -> 563690605000 | AU25: =IF(W25<0,D25,0) -> 0 | AV25: =AVERAGE(AT12:AT25) -> 1.7712966e+11 | AW25: =AVERAGE(AU12:AU25) -> 1.4480138e+11 | AX25: =AV25/AW25 -> 1.2232594 | AY25: =IF(AW25=0,100,100-(100/(1+AX25))) -> 55.020994 | AZ25: =AVERAGE(B6:B25) -> 50375.05 | BA25: {=SUM(ABS((B6:B25-AVERAGE(B6:B25))))/COUNT(B6:B25)} -> 2705.865 | BB25: =(B25-AZ25)/(0.015*BA25) -> 237.11333 | BC25: =(B25-B24)*C25 -> 18705445000 | BD25: =(2/14)*(BC25-BD24)+BD24 -> 8.0649709e+09 | BE25: =MAX(B12:B25) -> 59999 | BF25: =MIN(B12:B25) -> 47514 | BG25: =(B25-BF25)/(BE25-BF25) -> 1 | BH25: =(2/6)*(B25-BH24)+BH24 -> 56216.859 | BI25: =(2/21)*(B25-BI24)+BI24 -> 50939.266 | BJ25: =(BH25-BI25)/BI25 -> 0.1036056 | BK25: =(2/6)*(C25-BK24)+BK24 -> 7482671.2 | BL25: =(2/21)*(C25-BL24)+BL24 -> 5780095.4 | BM25: =(BK25-BL25)/BL25 -> 0.29455843 | BN25: =(2/6)*(D25-BN24)+BN24 -> 4.2915836e+11 | BO25: =AVERAGE(D6:D25) -> 2.6898017e+11 | BP25: =(BN25-BO25)/BO25 -> 0.59550187 | BQ25: =B25-B24 -> 1991 | BR25: =IF(BQ25>=0,BQ25,0) -> 1991 | BS25: =IF(BQ25<0,ABS(BQ25),0) -> 0 | BT25: =(SUM(BR17:BR25)-SUM(BS17:BS25))/(SUM(BR17:BR25)+SUM(BS17:BS25))*100 -> 62.343151 | BU25: =SUM(A16:A25) -> 185 | BV25: =(A16*A16)+(A17*A17)+(A18*A18)+(A19*A19)+(A20*A20)+(A21*A21)+(A22*A22)+(A23*A23)+(A24*A24)+(A25*A25) -> 3505 | BW25: =SUM(B16:B25) -> 523370 | BX25: =(A16*B16)+(A17*B17)+(A18*B18)+(A19*B19)+(A20*B20)+(A21*B21)+(A22*B22)+(A23*B23)+(A24*B24)+(A25*B25) -> 9781201 | BY25: =(10*BX25-BU25*BW25)/(10*BV25-BU25*BU25) -> 1198.2545 | BZ25: =(BW25*BV25-BU25*BX25)/(10*BV25-BU25*BU25) -> 30169.291 | CA25: =BY25*A25+BZ25 -> 57729.145 | CB25: =SUM(A6:A25) -> 270 | CC25: =(A6*A6)+(A7*A7)+(A8*A8)+(A9*A9)+(A10*A10)+(A11*A11)+(A12*A12)+(A13*A13)+(A14*A14)+(A15*A15)+(A16*A16)+(A17*A17)+(A18*A18)+(A19*A19)+(A20*A20)+(A21*A21)+(A22*A22)+(A23*A23)+(A24*A24)+(A25*A25) -> 4310 | CD25: =SUM(B6:B25) -> 1007501 | CE25: =(A6*B6)+(A7*B7)+(A8*B8)+(A9*B9)+(A10*B10)+(A11*B11)+(A12*B12)+(A13*B13)+(A14*B14)+(A15*B15)+(A16*B16)+(A17*B17)+(A18*B18)+(A19*B19)+(A20*B20)+(A21*B21)+(A22*B22)+(A23*B23)+(A24*B24)+(A25*B25) -> 13931544 | CF25: =(20*CE25-CB25*CD25)/(20*CC25-CB25*CB25) -> 496.66241 | CG25: =(CD25*CC25-CB25*CE25)/(20*CC25-CB25*CB25) -> 43670.108 | CH25: =CF25*A25+CG25 -> 55093.343
A26: 24 | B26: =DATA!H25 -> 59782 | C26: =DATA!C328+DATA!D328 -> 4376000 | D26: =B26*C26 -> 261606032000 | E26: =AVERAGE(B17:B26) -> 53274.2 | F26: =AVERAGE(B7:B26) -> 51054.85 | H26: =SUM(D7:D26)/SUM(C7:C26) -> 52153.977 | I26: =(2/13)*(B26-I25)+I25 -> 53990.101 | M26: =MAX(B7:B26) -> 59999 | N26: =MIN(B7:B26) -> 47193 | O26: =AVERAGE(B7:B26) -> 51054.85 | P26: =O26+2*STDEVPA(B7:B26) -> 59148.842 | Q26: =O26-2*STDEVPA(B7:B26) -> 42960.858 | R26: =(MIN(B18:B26)+MAX(B18:B26))*0.5 -> 53756.5 | W26: =(B26-B25)/B25 -> -0.0036167269 | X26: =IF(W26>=0,W26,0) -> 0 | Y26: =IF(W26<0,ABS(W26),0) -> 0.0036167269 | Z26: =AVERAGE(X13:X26) -> 0.022029522 | AA26: =AVERAGE(Y13:Y26) -> 0.0052873896 | AB26: =100*Z26/(Z26+AA26) -> 80.644263 | AE26: =AVERAGE(B13:B26) -> 52451.429 | AF26: =STDEV(B13:B26) -> 4259.7578 | AG26: =IF(W26>=0,AF26,0) -> 0 | AH26: =IF(W26<0,AF26,0) -> 4259.7578 | AL26: =B26-B25 -> -217 | AO26: =ABS(AL26) -> 217 | AT26: =IF(W26>=0,D26,0) -> 0 | AU26: =IF(W26<0,D26,0) -> 261606032000 | AV26: =AVERAGE(AT13:AT26) -> 1.7712966e+11 | AW26: =AVERAGE(AU13:AU26) -> 1.5177784e+11 | AX26: =AV26/AW26 -> 1.1670324 | AY26: =IF(AW26=0,100,100-(100/(1+AX26))) -> 53.853943 | AZ26: =AVERAGE(B7:B26) -> 51054.85 | BA26: {=SUM(ABS((B7:B26-AVERAGE(B7:B26))))/COUNT(B7:B26)} -> 3186.275 | BB26: =(B26-AZ26)/(0.015*BA26) -> 182.5988 | BC26: =(B26-B25)*C26 -> -949592000 | BD26: =(2/14)*(BC26-BD25)+BD25 -> 6.7771762e+09 | BE26: =MAX(B13:B26) -> 59999 | BF26: =MIN(B13:B26) -> 47514 | BG26: =(B26-BF26)/(BE26-BF26) -> 0.98261914 | BH26: =(2/6)*(B26-BH25)+BH25 -> 57405.239 | BI26: =(2/21)*(B26-BI25)+BI25 -> 51781.431 | BJ26: =(BH26-BI26)/BI26 -> 0.10860666 | BK26: =(2/6)*(C26-BK25)+BK25 -> 6447114.1 | BL26: =(2/21)*(C26-BL25)+BL25 -> 5646372 | BM26: =(BK26-BL26)/BL26 -> 0.14181533 | BN26: =(2/6)*(D26-BN25)+BN25 -> 3.7330759e+11 | BO26: =AVERAGE(D7:D26) -> 2.7091579e+11 | BP26: =(BN26-BO26)/BO26 -> 0.37794695 | BQ26: =B26-B25 -> -217 | BR26: =IF(BQ26>=0,BQ26,0) -> 0 | BS26: =IF(BQ26<0,ABS(BQ26),0) -> 217 | BT26: =(SUM(BR18:BR26)-SUM(BS18:BS26))/(SUM(BR18:BR26)+SUM(BS18:BS26))*100 -> 60.682111 | BU26: =SUM(A17:A26) -> 195 | BV26: =(A17*A17)+(A18*A18)+(A19*A19)+(A20*A20)+(A21*A21)+(A22*A22)+(A23*A23)+(A24*A24)+(A25*A25)+(A26*A26) -> 3885 | BW26: =SUM(B17:B26) -> 532742 | BX26: =(A17*B17)+(A18*B18)+(A19*B19)+(A20*B20)+(A21*B21)+(A22*B22)+(A23*B23)+(A24*B24)+(A25*B25)+(A26*B26) -> 10510229 | BY26: =(10*BX26-BU26*BW26)/(10*BV26-BU26*BU26) -> 1475.8788 | BZ26: =(BW26*BV26-BU26*BX26)/(10*BV26-BU26*BU26) -> 24494.564 | CA26: =BY26*A26+BZ26 -> 59915.655 | CB26: =SUM(A7:A26) -> 290 | CC26: =(A7*A7)+(A8*A8)+(A9*A9)+(A10*A10)+(A11*A11)+(A12*A12)+(A13*A13)+(A14*A14)+(A15*A15)+(A16*A16)+(A17*A17)+(A18*A18)+(A19*A19)+(A20*A20)+(A21*A21)+(A22*A22)+(A23*A23)+(A24*A24)+(A25*A25)+(A26*A26) -> 4870 | CD26: =SUM(B7:B26) -> 1021097 | CE26: =(A7*B7)+(A8*B8)+(A9*B9)+(A10*B10)+(A11*B11)+(A12*B12)+(A13*B13)+(A14*B14)+(A15*B15)+(A16*B16)+(A17*B17)+(A18*B18)+(A19*B19)+(A20*B20)+(A21*B21)+(A22*B22)+(A23*B23)+(A24*B24)+(A25*B25)+(A26*B26) -> 15181568 | CF26: =(20*CE26-CB26*CD26)/(20*CC26-CB26*CB26) -> 564.90451 | CG26: =(CD26*CC26-CB26*CE26)/(20*CC26-CB26*CB26) -> 42863.735 | CH26: =CF26*A26+CG26 -> 56421.443
A27: 25 | B27: =DATA!H26 -> 59611 | C27: =DATA!C319+DATA!D319 -> 8617000 | D27: =B27*C27 -> 513667987000 | E27: =AVERAGE(B18:B27) -> 54200.1 | F27: =AVERAGE(B8:B27) -> 51649.95 | H27: =SUM(D8:D27)/SUM(C8:C27) -> 52843.281 | I27: =(2/13)*(B27-I26)+I26 -> 54854.855 | M27: =MAX(B8:B27) -> 59999 | N27: =MIN(B8:B27) -> 47193 | O27: =AVERAGE(B8:B27) -> 51649.95 | P27: =O27+2*STDEVPA(B8:B27) -> 60396.305 | Q27: =O27-2*STDEVPA(B8:B27) -> 42903.595 | R27: =(MIN(B19:B27)+MAX(B19:B27))*0.5 -> 53756.5 | W27: =(B27-B26)/B26 -> -0.0028603928 | X27: =IF(W27>=0,W27,0) -> 0 | Y27: =IF(W27<0,ABS(W27),0) -> 0.0028603928 | Z27: =AVERAGE(X14:X27) -> 0.018788631 | AA27: =AVERAGE(Y14:Y27) -> 0.0054917034 | AB27: =100*Z27/(Z27+AA27) -> 77.382093 | AE27: =AVERAGE(B14:B27) -> 53153 | AF27: =STDEV(B14:B27) -> 4584.0197 | AG27: =IF(W27>=0,AF27,0) -> 0 | AH27: =IF(W27<0,AF27,0) -> 4584.0197 | AL27: =B27-B26 -> -171 | AO27: =ABS(AL27) -> 171 | AT27: =IF(W27>=0,D27,0) -> 0 | AU27: =IF(W27<0,D27,0) -> 513667987000 | AV27: =AVERAGE(AT14:AT27) -> 1.5028983e+11 | AW27: =AVERAGE(AU14:AU27) -> 1.8846841e+11 | AX27: =AV27/AW27 -> 0.79742715 | AY27: =IF(AW27=0,100,100-(100/(1+AX27))) -> 44.364922 | AZ27: =AVERAGE(B8:B27) -> 51649.95 | BA27: {=SUM(ABS((B8:B27-AVERAGE(B8:B27))))/COUNT(B8:B27)} -> 3684.83 | BB27: =(B27-AZ27)/(0.015*BA27) -> 144.03288 | BC27: =(B27-B26)*C27 -> -1473507000 | BD27: =(2/14)*(BC27-BD26)+BD26 -> 5.5985072e+09 | BE27: =MAX(B14:B27) -> 59999 | BF27: =MIN(B14:B27) -> 47514 | BG27: =(B27-BF27)/(BE27-BF27) -> 0.96892271 | BH27: =(2/6)*(B27-BH26)+BH26 -> 58140.493 | BI27: =(2/21)*(B27-BI26)+BI26 -> 52527.104 | BJ27: =(BH27-BI27)/BI27 -> 0.10686652 | BK27: =(2/6)*(C27-BK26)+BK26 -> 7170409.4 | BL27: =(2/21)*(C27-BL26)+BL26 -> 5929289 | BM27: =(BK27-BL27)/BL27 -> 0.20932029 | BN27: =(2/6)*(D27-BN26)+BN26 -> 4.2009439e+11 | BO27: =AVERAGE(D8:D27) -> 2.9042224e+11 | BP27: =(BN27-BO27)/BO27 -> 0.44649525 | BQ27: =B27-B26 -> -171 | BR27: =IF(BQ27>=0,BQ27,0) -> 0 | BS27: =IF(BQ27<0,ABS(BQ27),0) -> 171 | BT27: =(SUM(BR19:BR27)-SUM(BS19:BS27))/(SUM(BR19:BR27)+SUM(BS19:BS27))*100 -> 81.63963 | BU27: =SUM(A18:A27) -> 205 | BV27: =(A18*A18)+(A19*A19)+(A20*A20)+(A21*A21)+(A22*A22)+(A23*A23)+(A24*A24)+(A25*A25)+(A26*A26)+(A27*A27) -> 4285 | BW27: =SUM(B18:B27) -> 542001 | BX27: =(A18*B18)+(A19*B19)+(A20*B20)+(A21*B21)+(A22*B22)+(A23*B23)+(A24*B24)+(A25*B25)+(A26*B26)+(A27*B27) -> 11245224 | BY27: =(10*BX27-BU27*BW27)/(10*BV27-BU27*BU27) -> 1626.7091 | BZ27: =(BW27*BV27-BU27*BX27)/(10*BV27-BU27*BU27) -> 20852.564 | CA27: =BY27*A27+BZ27 -> 61520.291 | CB27: =SUM(A8:A27) -> 310 | CC27: =(A8*A8)+(A9*A9)+(A10*A10)+(A11*A11)+(A12*A12)+(A13*A13)+(A14*A14)+(A15*A15)+(A16*A16)+(A17*A17)+(A18*A18)+(A19*A19)+(A20*A20)+(A21*A21)+(A22*A22)+(A23*A23)+(A24*A24)+(A25*A25)+(A26*A26)+(A27*A27) -> 5470 | CD27: =SUM(B8:B27) -> 1032999 | CE27: =(A8*B8)+(A9*B9)+(A10*B10)+(A11*B11)+(A12*B12)+(A13*B13)+(A14*B14)+(A15*B15)+(A16*B16)+(A17*B17)+(A18*B18)+(A19*B19)+(A20*B20)+(A21*B21)+(A22*B22)+(A23*B23)+(A24*B24)+(A25*B25)+(A26*B26)+(A27*B27) -> 16433298 | CF27: =(20*CE27-CB27*CD27)/(20*CC27-CB27*CB27) -> 634.30602 | CG27: =(CD27*CC27-CB27*CE27)/(20*CC27-CB27*CB27) -> 41818.207 | CH27: =CF27*A27+CG27 -> 57675.857
A28: 26 | B28: =DATA!H27 -> 59067 | C28: =DATA!C310+DATA!D310 -> 9826000 | D28: =B28*C28 -> 580392342000 | E28: =AVERAGE(B19:B28) -> 55268 | F28: =AVERAGE(B9:B28) -> 52202.1 | H28: =SUM(D9:D28)/SUM(C9:C28) -> 53539.616 | I28: =(2/13)*(B28-I27)+I27 -> 55502.877 | J28: =AVERAGE(B3:B28) -> 50805.462 | K28: =I28-J28 -> 4697.4154 | M28: =MAX(B9:B28) -> 59999 | N28: =MIN(B9:B28) -> 47193 | O28: =AVERAGE(B9:B28) -> 52202.1 | P28: =O28+2*STDEVPA(B9:B28) -> 61348.261 | Q28: =O28-2*STDEVPA(B9:B28) -> 43055.939 | R28: =(MIN(B20:B28)+MAX(B20:B28))*0.5 -> 54231.5 | S28: =(MIN(B3:B28)+MAX(B3:B28))*0.5 -> 52256.5 | T28: =(R28+S28)*0.5 -> 53244 | V28: =B3 -> 44993 | W28: =(B28-B27)/B27 -> -0.0091258325 | X28: =IF(W28>=0,W28,0) -> 0 | Y28: =IF(W28<0,ABS(W28),0) -> 0.0091258325 | Z28: =AVERAGE(X15:X28) -> 0.01798811 | AA28: =AVERAGE(Y15:Y28) -> 0.0061435486 | AB28: =100*Z28/(Z28+AA28) -> 74.54154 | AE28: =AVERAGE(B15:B28) -> 53775.857 | AF28: =STDEV(B15:B28) -> 4762.3727 | AG28: =IF(W28>=0,AF28,0) -> 0 | AH28: =IF(W28<0,AF28,0) -> 4762.3727 | AL28: =B28-B27 -> -544 | AM28: =AVERAGE(AL4:AL28) -> 562.96 | AO28: =ABS(AL28) -> 544 | AP28: =AVERAGE(AO4:AO28) -> 1107.92 | AT28: =IF(W28>=0,D28,0) -> 0 | AU28: =IF(W28<0,D28,0) -> 580392342000 | AV28: =AVERAGE(AT15:AT28) -> 1.4037935e+11 | AW28: =AVERAGE(AU15:AU28) -> 2.2992501e+11 | AX28: =AV28/AW28 -> 0.61054405 | AY28: =IF(AW28=0,100,100-(100/(1+AX28))) -> 37.909181 | AZ28: =AVERAGE(B9:B28) -> 52202.1 | BA28: {=SUM(ABS((B9:B28-AVERAGE(B9:B28))))/COUNT(B9:B28)} -> 4040.03 | BB28: =(B28-AZ28)/(0.015*BA28) -> 113.28134 | BC28: =(B28-B27)*C28 -> -5345344000 | BD28: =(2/14)*(BC28-BD27)+BD27 -> 4.0350999e+09 | BE28: =MAX(B15:B28) -> 59999 | BF28: =MIN(B15:B28) -> 47514 | BG28: =(B28-BF28)/(BE28-BF28) -> 0.92535042 | BH28: =(2/6)*(B28-BH27)+BH27 -> 58449.329 | BI28: =(2/21)*(B28-BI27)+BI27 -> 53149.952 | BJ28: =(BH28-BI28)/BI28 -> 0.099706151 | BK28: =(2/6)*(C28-BK27)+BK27 -> 8055606.3 | BL28: =(2/21)*(C28-BL27)+BL27 -> 6300404.3 | BM28: =(BK28-BL28)/BL28 -> 0.27858561 | BN28: =(2/6)*(D28-BN27)+BN27 -> 4.7352704e+11 | BO28: =AVERAGE(D9:D28) -> 3.0976502e+11 | BP28: =(BN28-BO28)/BO28 -> 0.52866531 | BQ28: =B28-B27 -> -544 | BR28: =IF(BQ28>=0,BQ28,0) -> 0 | BS28: =IF(BQ28<0,ABS(BQ28),0) -> 544 | BT28: =(SUM(BR20:BR28)-SUM(BS20:BS28))/(SUM(BR20:BR28)+SUM(BS20:BS28))*100 -> 86.107177 | BU28: =SUM(A19:A28) -> 215 | BV28: =(A19*A19)+(A20*A20)+(A21*A21)+(A22*A22)+(A23*A23)+(A24*A24)+(A25*A25)+(A26*A26)+(A27*A27)+(A28*A28) -> 4705 | BW28: =SUM(B19:B28) -> 552680 | BX28: =(A19*B19)+(A20*B20)+(A21*B21)+(A22*B22)+(A23*B23)+(A24*B24)+(A25*B25)+(A26*B26)+(A27*B27)+(A28*B28) -> 12006758 | BY28: =(10*BX28-BU28*BW28)/(10*BV28-BU28*BU28) -> 1504.703 | BZ28: =(BW28*BV28-BU28*BX28)/(10*BV28-BU28*BU28) -> 22916.885 | CA28: =BY28*A28+BZ28 -> 62039.164 | CB28: =SUM(A9:A28) -> 330 | CC28: =(A9*A9)+(A10*A10)+(A11*A11)+(A12*A12)+(A13*A13)+(A14*A14)+(A15*A15)+(A16*A16)+(A17*A17)+(A18*A18)+(A19*A19)+(A20*A20)+(A21*A21)+(A22*A22)+(A23*A23)+(A24*A24)+(A25*A25)+(A26*A26)+(A27*A27)+(A28*A28) -> 6110 | CD28: =SUM(B9:B28) -> 1044042 | CE28: =(A9*B9)+(A10*B10)+(A11*B11)+(A12*B12)+(A13*B13)+(A14*B14)+(A15*B15)+(A16*B16)+(A17*B17)+(A18*B18)+(A19*B19)+(A20*B20)+(A21*B21)+(A22*B22)+(A23*B23)+(A24*B24)+(A25*B25)+(A26*B26)+(A27*B27)+(A28*B28) -> 17680896 | CF28: =(20*CE28-CB28*CD28)/(20*CC28-CB28*CB28) -> 683.01203 | CG28: =(CD28*CC28-CB28*CE28)/(20*CC28-CB28*CB28) -> 40932.402 | CH28: =CF28*A28+CG28 -> 58690.714
A29: 27 | B29: =DATA!H28 -> 58263 | C29: =DATA!C301+DATA!D301 -> 3911000 | D29: =B29*C29 -> 227866593000 | E29: =AVERAGE(B20:B29) -> 56342.9 | F29: =AVERAGE(B10:B29) -> 52710.75 | H29: =SUM(D10:D29)/SUM(C10:C29) -> 53809.146 | I29: =(2/13)*(B29-I28)+I28 -> 55927.511 | J29: =(2/27)*(B29-J28)+J28 -> 51357.872 | K29: =I29-J29 -> 4569.6394 | M29: =MAX(B10:B29) -> 59999 | N29: =MIN(B10:B29) -> 47193 | O29: =AVERAGE(B10:B29) -> 52710.75 | P29: =O29+2*STDEVPA(B10:B29) -> 62015.716 | Q29: =O29-2*STDEVPA(B10:B29) -> 43405.784 | R29: =(MIN(B21:B29)+MAX(B21:B29))*0.5 -> 55443 | S29: =(MIN(B4:B29)+MAX(B4:B29))*0.5 -> 52256.5 | T29: =(R29+S29)*0.5 -> 53849.75 | V29: =B4 -> 45474 | W29: =(B29-B28)/B28 -> -0.013611661 | X29: =IF(W29>=0,W29,0) -> 0 | Y29: =IF(W29<0,ABS(W29),0) -> 0.013611661 | Z29: =AVERAGE(X16:X29) -> 0.017016283 | AA29: =AVERAGE(Y16:Y29) -> 0.0071158101 | AB29: =100*Z29/(Z29+AA29) -> 70.513084 | AE29: =AVERAGE(B16:B29) -> 54292.357 | AF29: =STDEV(B16:B29) -> 4833.4842 | AG29: =IF(W29>=0,AF29,0) -> 0 | AH29: =IF(W29<0,AF29,0) -> 4833.4842 | AI29: =AVERAGE(AG16:AG29) -> 990.49686 | AL29: =B29-B28 -> -804 | AM29: =(2/26)*(AL29-AM28)+AM28 -> 457.80923 | AO29: =ABS(AL29) -> 804 | AP29: =(2/26)*(AO29-AP28)+AP28 -> 1084.5415 | AT29: =IF(W29>=0,D29,0) -> 0 | AU29: =IF(W29<0,D29,0) -> 227866593000 | AV29: =AVERAGE(AT16:AT29) -> 1.3066504e+11 | AW29: =AVERAGE(AU16:AU29) -> 2.462012e+11 | AX29: =AV29/AW29 -> 0.53072465 | AY29: =IF(AW29=0,100,100-(100/(1+AX29))) -> 34.671464 | AZ29: =AVERAGE(B10:B29) -> 52710.75 | BA29: {=SUM(ABS((B10:B29-AVERAGE(B10:B29))))/COUNT(B10:B29)} -> 4239.2 | BB29: =(B29-AZ29)/(0.015*BA29) -> 87.316003 | BC29: =(B29-B28)*C29 -> -3144444000 | BD29: =(2/14)*(BC29-BD28)+BD28 -> 3.0094507e+09 | BE29: =MAX(B16:B29) -> 59999 | BF29: =MIN(B16:B29) -> 47514 | BG29: =(B29-BF29)/(BE29-BF29) -> 0.86095314 | BH29: =(2/6)*(B29-BH28)+BH28 -> 58387.219 | BI29: =(2/21)*(B29-BI28)+BI28 -> 53636.909 | BJ29: =(BH29-BI29)/BI29 -> 0.088564212 | BK29: =(2/6)*(C29-BK28)+BK28 -> 6674070.9 | BL29: =(2/21)*(C29-BL28)+BL28 -> 6072842 | BM29: =(BK29-BL29)/BL29 -> 0.099002885 | BN29: =(2/6)*(D29-BN28)+BN28 -> 3.9164022e+11 | BO29: =AVERAGE(D10:D29) -> 3.1536926e+11 | BP29: =(BN29-BO29)/BO29 -> 0.24184655 | BQ29: =B29-B28 -> -804 | BR29: =IF(BQ29>=0,BQ29,0) -> 0 | BS29: =IF(BQ29<0,ABS(BQ29),0) -> 804 | BT29: =(SUM(BR21:BR29)-SUM(BS21:BS29))/(SUM(BR21:BR29)+SUM(BS21:BS29))*100 -> 73.837691 | BU29: =SUM(A20:A29) -> 225 | BV29: =(A20*A20)+(A21*A21)+(A22*A22)+(A23*A23)+(A24*A24)+(A25*A25)+(A26*A26)+(A27*A27)+(A28*A28)+(A29*A29) -> 5145 | BW29: =SUM(B20:B29) -> 563429 | BX29: =(A20*B20)+(A21*B21)+(A22*B22)+(A23*B23)+(A24*B24)+(A25*B25)+(A26*B26)+(A27*B27)+(A28*B28)+(A29*B29) -> 12772121 | BY29: =(10*BX29-BU29*BW29)/(10*BV29-BU29*BU29) -> 1151.1333 | BZ29: =(BW29*BV29-BU29*BX29)/(10*BV29-BU29*BU29) -> 30442.4 | CA29: =BY29*A29+BZ29 -> 61523 | CB29: =SUM(A10:A29) -> 350 | CC29: =(A10*A10)+(A11*A11)+(A12*A12)+(A13*A13)+(A14*A14)+(A15*A15)+(A16*A16)+(A17*A17)+(A18*A18)+(A19*A19)+(A20*A20)+(A21*A21)+(A22*A22)+(A23*A23)+(A24*A24)+(A25*A25)+(A26*A26)+(A27*A27)+(A28*A28)+(A29*A29) -> 6790 | CD29: =SUM(B10:B29) -> 1054215 | CE29: =(A10*B10)+(A11*B11)+(A12*B12)+(A13*B13)+(A14*B14)+(A15*B15)+(A16*B16)+(A17*B17)+(A18*B18)+(A19*B19)+(A20*B20)+(A21*B21)+(A22*B22)+(A23*B23)+(A24*B24)+(A25*B25)+(A26*B26)+(A27*B27)+(A28*B28)+(A29*B29) -> 18917367 | CF29: =(20*CE29-CB29*CD29)/(20*CC29-CB29*CB29) -> 704.66842 | CG29: =(CD29*CC29-CB29*CE29)/(20*CC29-CB29*CB29) -> 40379.053 | CH29: =CF29*A29+CG29 -> 59405.1
A30: 28 | B30: =DATA!H29 -> 57087 | C30: =DATA!C292+DATA!D292 -> 3627321 | D30: =B30*C30 -> 207072873927 | E30: =AVERAGE(B21:B30) -> 57205.2 | F30: =AVERAGE(B11:B30) -> 53205.45 | H30: =SUM(D11:D30)/SUM(C11:C30) -> 54033.126 | I30: =(2/13)*(B30-I29)+I29 -> 56105.894 | J30: =(2/27)*(B30-J29)+J29 -> 51782.252 | K30: =I30-J30 -> 4323.6424 | M30: =MAX(B11:B30) -> 59999 | N30: =MIN(B11:B30) -> 47514 | O30: =AVERAGE(B11:B30) -> 53205.45 | P30: =O30+2*STDEVPA(B11:B30) -> 62334.781 | Q30: =O30-2*STDEVPA(B11:B30) -> 44076.119 | R30: =(MIN(B22:B30)+MAX(B22:B30))*0.5 -> 56715 | S30: =(MIN(B5:B30)+MAX(B5:B30))*0.5 -> 52256.5 | T30: =(R30+S30)*0.5 -> 54485.75 | V30: =B5 -> 44514 | W30: =(B30-B29)/B29 -> -0.020184337 | X30: =IF(W30>=0,W30,0) -> 0 | Y30: =IF(W30<0,ABS(W30),0) -> 0.020184337 | Z30: =AVERAGE(X17:X30) -> 0.017016283 | AA30: =AVERAGE(Y17:Y30) -> 0.0076869462 | AB30: =100*Z30/(Z30+AA30) -> 68.882828 | AC30: =(AB30-MIN(AB17:AB30))/(MAX(AB17:AB30)-MIN(AB17:AB30)) -> 0.42258705 | AE30: =AVERAGE(B17:B30) -> 54769.286 | AF30: =STDEV(B17:B30) -> 4749.6258 | AG30: =IF(W30>=0,AF30,0) -> 0 | AH30: =IF(W30<0,AF30,0) -> 4749.6258 | AI30: =AVERAGE(AG17:AG30) -> 990.49686 | AJ30: =AVERAGE(AH17:AH30) -> 2034.1643 | AK30: =100*AI30/(AI30+AJ30) -> 32.747366 | AL30: =B30-B29 -> -1176 | AM30: =(2/26)*(AL30-AM29)+AM29 -> 332.1316 | AO30: =ABS(AL30) -> 1176 | AP30: =(2/26)*(AO30-AP29)+AP29 -> 1091.5768 | AT30: =IF(W30>=0,D30,0) -> 0 | AU30: =IF(W30<0,D30,0) -> 207072873927 | AV30: =AVERAGE(AT17:AT30) -> 1.3066504e+11 | AW30: =AVERAGE(AU17:AU30) -> 2.0909502e+11 | AX30: =AV30/AW30 -> 0.62490748 | AY30: =IF(AW30=0,100,100-(100/(1+AX30))) -> 38.458035 | AZ30: =AVERAGE(B11:B30) -> 53205.45 | BA30: {=SUM(ABS((B11:B30-AVERAGE(B11:B30))))/COUNT(B11:B30)} -> 4231.595 | BB30: =(B30-AZ30)/(0.015*BA30) -> 61.151882 | BC30: =(B30-B29)*C30 -> -4265729496 | BD30: =(2/14)*(BC30-BD29)+BD29 -> 1.9701393e+09 | BE30: =MAX(B17:B30) -> 59999 | BF30: =MIN(B17:B30) -> 47514 | BG30: =(B30-BF30)/(BE30-BF30) -> 0.76676011 | BH30: =(2/6)*(B30-BH29)+BH29 -> 57953.813 | BI30: =(2/21)*(B30-BI29)+BI29 -> 53965.489 | BJ30: =(BH30-BI30)/BI30 -> 0.073905085 | BK30: =(2/6)*(C30-BK29)+BK29 -> 5658487.6 | BL30: =(2/21)*(C30-BL29)+BL29 -> 5839935.2 | BM30: =(BK30-BL30)/BL30 -> -0.031070148 | BN30: =(2/6)*(D30-BN29)+BN29 -> 3.3011777e+11 | BO30: =AVERAGE(D11:D30) -> 3.2048726e+11 | BP30: =(BN30-BO30)/BO30 -> 0.030049605 | BQ30: =B30-B29 -> -1176 | BR30: =IF(BQ30>=0,BQ30,0) -> 0 | BS30: =IF(BQ30<0,ABS(BQ30),0) -> 1176 | BT30: =(SUM(BR22:BR30)-SUM(BS22:BS30))/(SUM(BR22:BR30)+SUM(BS22:BS30))*100 -> 51.56354 | BU30: =SUM(A21:A30) -> 235 | BV30: =(A21*A21)+(A22*A22)+(A23*A23)+(A24*A24)+(A25*A25)+(A26*A26)+(A27*A27)+(A28*A28)+(A29*A29)+(A30*A30) -> 5605 | BW30: =SUM(B21:B30) -> 572052 | BX30: =(A21*B21)+(A22*B22)+(A23*B23)+(A24*B24)+(A25*B25)+(A26*B26)+(A27*B27)+(A28*B28)+(A29*B29)+(A30*B30) -> 13498205 | BY30: =(10*BX30-BU30*BW30)/(10*BV30-BU30*BU30) -> 666.46061 | BZ30: =(BW30*BV30-BU30*BX30)/(10*BV30-BU30*BU30) -> 41543.376 | CA30: =BY30*A30+BZ30 -> 60204.273 | CB30: =SUM(A11:A30) -> 370 | CC30: =(A11*A11)+(A12*A12)+(A13*A13)+(A14*A14)+(A15*A15)+(A16*A16)+(A17*A17)+(A18*A18)+(A19*A19)+(A20*A20)+(A21*A21)+(A22*A22)+(A23*A23)+(A24*A24)+(A25*A25)+(A26*A26)+(A27*A27)+(A28*A28)+(A29*A29)+(A30*A30) -> 7510 | CD30: =SUM(B11:B30) -> 1064109 | CE30: =(A11*B11)+(A12*B12)+(A13*B13)+(A14*B14)+(A15*B15)+(A16*B16)+(A17*B17)+(A18*B18)+(A19*B19)+(A20*B20)+(A21*B21)+(A22*B22)+(A23*B23)+(A24*B24)+(A25*B25)+(A26*B26)+(A27*B27)+(A28*B28)+(A29*B29)+(A30*B30) -> 20138259 | CF30: =(20*CE30-CB30*CD30)/(20*CC30-CB30*CB30) -> 680.06391 | CG30: =(CD30*CC30-CB30*CE30)/(20*CC30-CB30*CB30) -> 40624.268 | CH30: =CF30*A30+CG30 -> 59666.057
A31: 29 | B31: =DATA!H30 -> 58130 | C31: =DATA!C283+DATA!D283 -> 3971398 | D31: =B31*C31 -> 230857365740 | E31: =AVERAGE(B22:B31) -> 57929.5 | F31: =AVERAGE(B12:B31) -> 53705.3 | H31: =SUM(D12:D31)/SUM(C12:C31) -> 54282.668 | I31: =(2/13)*(B31-I30)+I30 -> 56417.295 | J31: =(2/27)*(B31-J30)+J30 -> 52252.455 | K31: =I31-J31 -> 4164.8398 | M31: =MAX(B12:B31) -> 59999 | N31: =MIN(B12:B31) -> 47514 | O31: =AVERAGE(B12:B31) -> 53705.3 | P31: =O31+2*STDEVPA(B12:B31) -> 62763.422 | Q31: =O31-2*STDEVPA(B12:B31) -> 44647.178 | R31: =(MIN(B23:B31)+MAX(B23:B31))*0.5 -> 57958 | S31: =(MIN(B6:B31)+MAX(B6:B31))*0.5 -> 53092.5 | T31: =(R31+S31)*0.5 -> 55525.25 | V31: =B6 -> 46186 | W31: =(B31-B30)/B30 -> 0.018270359 | X31: =IF(W31>=0,W31,0) -> 0.018270359 | Y31: =IF(W31<0,ABS(W31),0) -> 0 | Z31: =AVERAGE(X18:X31) -> 0.018321309 | AA31: =AVERAGE(Y18:Y31) -> 0.007604763 | AB31: =100*Z31/(Z31+AA31) -> 70.667508 | AC31: =(AB31-MIN(AB18:AB31))/(MAX(AB18:AB31)-MIN(AB18:AB31)) -> 0.51020366 | AE31: =AVERAGE(B18:B31) -> 55324.857 | AF31: =STDEV(B18:B31) -> 4646.9762 | AG31: =IF(W31>=0,AF31,0) -> 4646.9762 | AH31: =IF(W31<0,AF31,0) -> 0 | AI31: =AVERAGE(AG18:AG31) -> 1322.4237 | AJ31: =AVERAGE(AH18:AH31) -> 1892.1707 | AK31: =100*AI31/(AI31+AJ31) -> 41.13812 | AL31: =B31-B30 -> 1043 | AM31: =(2/26)*(AL31-AM30)+AM30 -> 386.81378 | AO31: =ABS(AL31) -> 1043 | AP31: =(2/26)*(AO31-AP30)+AP30 -> 1087.8401 | AT31: =IF(W31>=0,D31,0) -> 230857365740 | AU31: =IF(W31<0,D31,0) -> 0 | AV31: =AVERAGE(AT18:AT31) -> 1.4715485e+11 | AW31: =AVERAGE(AU18:AU31) -> 1.676769e+11 | AX31: =AV31/AW31 -> 0.87760956 | AY31: =IF(AW31=0,100,100-(100/(1+AX31))) -> 46.740791 | AZ31: =AVERAGE(B12:B31) -> 53705.3 | BA31: {=SUM(ABS((B12:B31-AVERAGE(B12:B31))))/COUNT(B12:B31)} -> 4251.63 | BB31: =(B31-AZ31)/(0.015*BA31) -> 69.380449 | BC31: =(B31-B30)*C31 -> 4142168114 | BD31: =(2/14)*(BC31-BD30)+BD30 -> 2.2804291e+09 | BE31: =MAX(B18:B31) -> 59999 | BF31: =MIN(B18:B31) -> 47514 | BG31: =(B31-BF31)/(BE31-BF31) -> 0.85030036 | BH31: =(2/6)*(B31-BH30)+BH30 -> 58012.542 | BI31: =(2/21)*(B31-BI30)+BI30 -> 54362.109 | BJ31: =(BH31-BI31)/BI31 -> 0.06715032 | BK31: =(2/6)*(C31-BK30)+BK30 -> 5096124.4 | BL31: =(2/21)*(C31-BL30)+BL30 -> 5661979.3 | BM31: =(BK31-BL31)/BL31 -> -0.099939418 | BN31: =(2/6)*(D31-BN30)+BN30 -> 2.9703097e+11 | BO31: =AVERAGE(D12:D31) -> 3.2642489e+11 | BP31: =(BN31-BO31)/BO31 -> -0.09004803 | BQ31: =B31-B30 -> 1043 | BR31: =IF(BQ31>=0,BQ31,0) -> 1043 | BS31: =IF(BQ31<0,ABS(BQ31),0) -> 0 | BT31: =(SUM(BR23:BR31)-SUM(BS23:BS31))/(SUM(BR23:BR31)+SUM(BS23:BS31))*100 -> 44.654566 | BU31: =SUM(A22:A31) -> 245 | BV31: =(A22*A22)+(A23*A23)+(A24*A24)+(A25*A25)+(A26*A26)+(A27*A27)+(A28*A28)+(A29*A29)+(A30*A30)+(A31*A31) -> 6085 | BW31: =SUM(B22:B31) -> 579295 | BX31: =(A22*B22)+(A23*B23)+(A24*B24)+(A25*B25)+(A26*B26)+(A27*B27)+(A28*B28)+(A29*B29)+(A30*B30)+(A31*B31) -> 14217122 | BY31: =(10*BX31-BU31*BW31)/(10*BV31-BU31*BU31) -> 295.69091 | BZ31: =(BW31*BV31-BU31*BX31)/(10*BV31-BU31*BU31) -> 50685.073 | CA31: =BY31*A31+BZ31 -> 59260.109 | CB31: =SUM(A12:A31) -> 390 | CC31: =(A12*A12)+(A13*A13)+(A14*A14)+(A15*A15)+(A16*A16)+(A17*A17)+(A18*A18)+(A19*A19)+(A20*A20)+(A21*A21)+(A22*A22)+(A23*A23)+(A24*A24)+(A25*A25)+(A26*A26)+(A27*A27)+(A28*A28)+(A29*A29)+(A30*A30)+(A31*A31) -> 8270 | CD31: =SUM(B12:B31) -> 1074106 | CE31: =(A12*B12)+(A13*B13)+(A14*B14)+(A15*B15)+(A16*B16)+(A17*B17)+(A18*B18)+(A19*B19)+(A20*B20)+(A21*B21)+(A22*B22)+(A23*B23)+(A24*B24)+(A25*B25)+(A26*B26)+(A27*B27)+(A28*B28)+(A29*B29)+(A30*B30)+(A31*B31) -> 21390832 | CF31: =(20*CE31-CB31*CD31)/(20*CC31-CB31*CB31) -> 670.32331 | CG31: =(CD31*CC31-CB31*CE31)/(20*CC31-CB31*CB31) -> 40633.995 | CH31: =CF31*A31+CG31 -> 60073.371
A32: 30 | B32: =DATA!H31 -> 57523 | C32: =DATA!C274+DATA!D274 -> 2514445 | D32: =B32*C32 -> 144638419735 | E32: =AVERAGE(B23:B32) -> 58338.7 | F32: =AVERAGE(B13:B32) -> 54200.05 | G32: =AVERAGE(B3:B32) -> 51731.5 | H32: =SUM(D13:D32)/SUM(C13:C32) -> 54542.872 | I32: =(2/13)*(B32-I31)+I31 -> 56587.403 | J32: =(2/27)*(B32-J31)+J31 -> 52642.866 | K32: =I32-J32 -> 3944.5375 | M32: =MAX(B13:B32) -> 59999 | N32: =MIN(B13:B32) -> 47514 | O32: =AVERAGE(B13:B32) -> 54200.05 | P32: =O32+2*STDEVPA(B13:B32) -> 62952.119 | Q32: =O32-2*STDEVPA(B13:B32) -> 45447.981 | R32: =(MIN(B24:B32)+MAX(B24:B32))*0.5 -> 58543 | S32: =(MIN(B7:B32)+MAX(B7:B32))*0.5 -> 53596 | T32: =(R32+S32)*0.5 -> 56069.5 | V32: =B7 -> 47709 | W32: =(B32-B31)/B31 -> -0.010442113 | X32: =IF(W32>=0,W32,0) -> 0 | Y32: =IF(W32<0,ABS(W32),0) -> 0.010442113 | Z32: =AVERAGE(X19:X32) -> 0.018321309 | AA32: =AVERAGE(Y19:Y32) -> 0.005564528 | AB32: =100*Z32/(Z32+AA32) -> 76.70365 | AC32: =(AB32-MIN(AB19:AB32))/(MAX(AB19:AB32)-MIN(AB19:AB32)) -> 0.80654056 | AD32: =AVERAGE(AC30:AC32) -> 0.57977709 | AE32: =AVERAGE(B19:B32) -> 55977.357 | AF32: =STDEV(B19:B32) -> 4219.7184 | AG32: =IF(W32>=0,AF32,0) -> 0 | AH32: =IF(W32<0,AF32,0) -> 4219.7184 | AI32: =AVERAGE(AG19:AG32) -> 1322.4237 | AJ32: =AVERAGE(AH19:AH32) -> 2063.1631 | AK32: =100*AI32/(AI32+AJ32) -> 39.060399 | AL32: =B32-B31 -> -607 | AM32: =(2/26)*(AL32-AM31)+AM31 -> 310.36657 | AO32: =ABS(AL32) -> 607 | AP32: =(2/26)*(AO32-AP31)+AP31 -> 1050.8524 | AT32: =IF(W32>=0,D32,0) -> 0 | AU32: =IF(W32<0,D32,0) -> 144638419735 | AV32: =AVERAGE(AT19:AT32) -> 1.4715485e+11 | AW32: =AVERAGE(AU19:AU32) -> 1.7008987e+11 | AX32: =AV32/AW32 -> 0.86515943 | AY32: =IF(AW32=0,100,100-(100/(1+AX32))) -> 46.38528 | AZ32: =AVERAGE(B13:B32) -> 54200.05 | BA32: {=SUM(ABS((B13:B32-AVERAGE(B13:B32))))/COUNT(B13:B32)} -> 4138.65 | BB32: =(B32-AZ32)/(0.015*BA32) -> 53.527116 | BC32: =(B32-B31)*C32 -> -1526268115 | BD32: =(2/14)*(BC32-BD31)+BD31 -> 1.7366152e+09 | BE32: =MAX(B19:B32) -> 59999 | BF32: =MIN(B19:B32) -> 47514 | BG32: =(B32-BF32)/(BE32-BF32) -> 0.80168202 | BH32: =(2/6)*(B32-BH31)+BH31 -> 57849.361 | BI32: =(2/21)*(B32-BI31)+BI31 -> 54663.146 | BJ32: =(BH32-BI32)/BI32 -> 0.058288177 | BK32: =(2/6)*(C32-BK31)+BK31 -> 4235564.6 | BL32: =(2/21)*(C32-BL31)+BL31 -> 5362214.1 | BM32: =(BK32-BL32)/BL32 -> -0.21010902 | BN32: =(2/6)*(D32-BN31)+BN31 -> 2.4623345e+11 | BO32: =AVERAGE(D13:D32) -> 3.2546003e+11 | BP32: =(BN32-BO32)/BO32 -> -0.24342951 | BQ32: =B32-B31 -> -607 | BR32: =IF(BQ32>=0,BQ32,0) -> 0 | BS32: =IF(BQ32<0,ABS(BQ32),0) -> 607 | BT32: =(SUM(BR24:BR32)-SUM(BS24:BS32))/(SUM(BR24:BR32)+SUM(BS24:BS32))*100 -> 18.579361 | BU32: =SUM(A23:A32) -> 255 | BV32: =(A23*A23)+(A24*A24)+(A25*A25)+(A26*A26)+(A27*A27)+(A28*A28)+(A29*A29)+(A30*A30)+(A31*A31)+(A32*A32) -> 6585 | BW32: =SUM(B23:B32) -> 583387 | BX32: =(A23*B23)+(A24*B24)+(A25*B25)+(A26*B26)+(A27*B27)+(A28*B28)+(A29*B29)+(A30*B30)+(A31*B31)+(A32*B32) -> 14874192 | BY32: =(10*BX32-BU32*BW32)/(10*BV32-BU32*BU32) -> -26.381818 | BZ32: =(BW32*BV32-BU32*BX32)/(10*BV32-BU32*BU32) -> 59011.436 | CA32: =BY32*A32+BZ32 -> 58219.982 | CB32: =SUM(A13:A32) -> 410 | CC32: =(A13*A13)+(A14*A14)+(A15*A15)+(A16*A16)+(A17*A17)+(A18*A18)+(A19*A19)+(A20*A20)+(A21*A21)+(A22*A22)+(A23*A23)+(A24*A24)+(A25*A25)+(A26*A26)+(A27*A27)+(A28*A28)+(A29*A29)+(A30*A30)+(A31*A31)+(A32*A32) -> 9070 | CD32: =SUM(B13:B32) -> 1084001 | CE32: =(A13*B13)+(A14*B14)+(A15*B15)+(A16*B16)+(A17*B17)+(A18*B18)+(A19*B19)+(A20*B20)+(A21*B21)+(A22*B22)+(A23*B23)+(A24*B24)+(A25*B25)+(A26*B26)+(A27*B27)+(A28*B28)+(A29*B29)+(A30*B30)+(A31*B31)+(A32*B32) -> 22640242 | CF32: =(20*CE32-CB32*CD32)/(20*CC32-CB32*CB32) -> 628.90451 | CG32: =(CD32*CC32-CB32*CE32)/(20*CC32-CB32*CB32) -> 41307.508 | CH32: =CF32*A32+CG32 -> 60174.643 | CI32: =SUM(A3:A32) -> 465 | CJ32: =(A3*A3)+(A4*A4)+(A5*A5)+(A6*A6)+(A7*A7)+(A8*A8)+(A9*A9)+(A10*A10)+(A11*A11)+(A12*A12)+(A13*A13)+(A14*A14)+(A15*A15)+(A16*A16)+(A17*A17)+(A18*A18)+(A19*A19)+(A20*A20)+(A21*A21)+(A22*A22)+(A23*A23)+(A24*A24)+(A25*A25)+(A26*A26)+(A27*A27)+(A28*A28)+(A29*A29)+(A30*A30)+(A31*A31)+(A32*A32) -> 9455 | CK32: =SUM(B3:B32) -> 1551945 | CL32: =(A3*B3)+(A4*B4)+(A5*B5)+(A6*B6)+(A7*B7)+(A8*B8)+(A9*B9)+(A10*B10)+(A11*B11)+(A12*B12)+(A13*B13)+(A14*B14)+(A15*B15)+(A16*B16)+(A17*B17)+(A18*B18)+(A19*B19)+(A20*B20)+(A21*B21)+(A22*B22)+(A23*B23)+(A24*B24)+(A25*B25)+(A26*B26)+(A27*B27)+(A28*B28)+(A29*B29)+(A30*B30)+(A31*B31)+(A32*B32) -> 25244809 | CM32: =(30*CL32-CI32*CK32)/(30*CJ32-CI32*CI32) -> 529.32659 | CN32: =(CK32*CJ32-CI32*CL32)/(30*CJ32-CI32*CI32) -> 43526.938 | CO32: =CM32*A32+CN32 -> 59406.735
A33: 31 | B33: =DATA!H32 -> 57811 | C33: =DATA!C265+DATA!D265 -> 2606861 | D33: =B33*C33 -> 150705241271 | E33: =AVERAGE(B24:B33) -> 58528.1 | F33: =AVERAGE(B14:B33) -> 54601.15 | G33: =AVERAGE(B4:B33) -> 52158.767 | H33: =SUM(D14:D33)/SUM(C14:C33) -> 54930.955 | I33: =(2/13)*(B33-I32)+I32 -> 56775.649 | J33: =(2/27)*(B33-J32)+J32 -> 53025.691 | K33: =I33-J33 -> 3749.9584 | M33: =MAX(B14:B33) -> 59999 | N33: =MIN(B14:B33) -> 47514 | O33: =AVERAGE(B14:B33) -> 54601.15 | P33: =O33+2*STDEVPA(B14:B33) -> 63242.418 | Q33: =O33-2*STDEVPA(B14:B33) -> 45959.882 | R33: =(MIN(B25:B33)+MAX(B25:B33))*0.5 -> 58543 | S33: =(MIN(B8:B33)+MAX(B8:B33))*0.5 -> 53596 | T33: =(R33+S33)*0.5 -> 56069.5 | V33: =B8 -> 48024 | W33: =(B33-B32)/B32 -> 0.005006693 | X33: =IF(W33>=0,W33,0) -> 0.005006693 | Y33: =IF(W33<0,ABS(W33),0) -> 0 | Z33: =AVERAGE(X20:X33) -> 0.01867893 | AA33: =AVERAGE(Y20:Y33) -> 0.0042743616 | AB33: =100*Z33/(Z33+AA33) -> 81.378001 | AC33: =(AB33-MIN(AB20:AB33))/(MAX(AB20:AB33)-MIN(AB20:AB33)) -> 1 | AD33: =AVERAGE(AC31:AC33) -> 0.77224807 | AE33: =AVERAGE(B20:B33) -> 56712.857 | AF33: =STDEV(B20:B33) -> 3460.0877 | AG33: =IF(W33>=0,AF33,0) -> 3460.0877 | AH33: =IF(W33<0,AF33,0) -> 0 | AI33: =AVERAGE(AG20:AG33) -> 1569.5729 | AJ33: =AVERAGE(AH20:AH33) -> 1957.7842 | AK33: =100*AI33/(AI33+AJ33) -> 44.497136 | AL33: =B33-B32 -> 288 | AM33: =(2/26)*(AL33-AM32)+AM32 -> 308.64606 | AO33: =ABS(AL33) -> 288 | AP33: =(2/26)*(AO33-AP32)+AP32 -> 992.17147 | AT33: =IF(W33>=0,D33,0) -> 150705241271 | AU33: =IF(W33<0,D33,0) -> 0 | AV33: =AVERAGE(AT20:AT33) -> 1.5791951e+11 | AW33: =AVERAGE(AU20:AU33) -> 1.3823173e+11 | AX33: =AV33/AW33 -> 1.1424259 | AY33: =IF(AW33=0,100,100-(100/(1+AX33))) -> 53.32394 | AZ33: =AVERAGE(B14:B33) -> 54601.15 | BA33: {=SUM(ABS((B14:B33-AVERAGE(B14:B33))))/COUNT(B14:B33)} -> 4058.535 | BB33: =(B33-AZ33)/(0.015*BA33) -> 52.725922 | BC33: =(B33-B32)*C33 -> 750775968 | BD33: =(2/14)*(BC33-BD32)+BD32 -> 1.595781e+09 | BE33: =MAX(B20:B33) -> 59999 | BF33: =MIN(B20:B33) -> 48464 | BG33: =(B33-BF33)/(BE33-BF33) -> 0.81031643 | BH33: =(2/6)*(B33-BH32)+BH32 -> 57836.574 | BI33: =(2/21)*(B33-BI32)+BI32 -> 54962.942 | BJ33: =(BH33-BI33)/BI33 -> 0.052283091 | BK33: =(2/6)*(C33-BK32)+BK32 -> 3692663.4 | BL33: =(2/21)*(C33-BL32)+BL32 -> 5099799.5 | BM33: =(BK33-BL33)/BL33 -> -0.27591989 | BN33: =(2/6)*(D33-BN32)+BN32 -> 2.1439072e+11 | BO33: =AVERAGE(D14:D33) -> 3.1420741e+11 | BP33: =(BN33-BO33)/BO33 -> -0.31767773 | BQ33: =B33-B32 -> 288 | BR33: =IF(BQ33>=0,BQ33,0) -> 288 | BS33: =IF(BQ33<0,ABS(BQ33),0) -> 0 | BT33: =(SUM(BR25:BR33)-SUM(BS25:BS33))/(SUM(BR25:BR33)+SUM(BS25:BS33))*100 -> -2.879696 | BU33: =SUM(A24:A33) -> 265 | BV33: =(A24*A24)+(A25*A25)+(A26*A26)+(A27*A27)+(A28*A28)+(A29*A29)+(A30*A30)+(A31*A31)+(A32*A32)+(A33*A33) -> 7105 | BW33: =SUM(B24:B33) -> 585281 | BX33: =(A24*B24)+(A25*B25)+(A26*B26)+(A27*B27)+(A28*B28)+(A29*B29)+(A30*B30)+(A31*B31)+(A32*B32)+(A33*B33) -> 15492076 | BY33: =(10*BX33-BU33*BW33)/(10*BV33-BU33*BU33) -> -216.61212 | BZ33: =(BW33*BV33-BU33*BX33)/(10*BV33-BU33*BU33) -> 64268.321 | CA33: =BY33*A33+BZ33 -> 57553.345 | CB33: =SUM(A14:A33) -> 430 | CC33: =(A14*A14)+(A15*A15)+(A16*A16)+(A17*A17)+(A18*A18)+(A19*A19)+(A20*A20)+(A21*A21)+(A22*A22)+(A23*A23)+(A24*A24)+(A25*A25)+(A26*A26)+(A27*A27)+(A28*A28)+(A29*A29)+(A30*A30)+(A31*A31)+(A32*A32)+(A33*A33) -> 9910 | CD33: =SUM(B14:B33) -> 1092023 | CE33: =(A14*B14)+(A15*B15)+(A16*B16)+(A17*B17)+(A18*B18)+(A19*B19)+(A20*B20)+(A21*B21)+(A22*B22)+(A23*B23)+(A24*B24)+(A25*B25)+(A26*B26)+(A27*B27)+(A28*B28)+(A29*B29)+(A30*B30)+(A31*B31)+(A32*B32)+(A33*B33) -> 23884704 | CF33: =(20*CE33-CB33*CD33)/(20*CC33-CB33*CB33) -> 610.84135 | CG33: =(CD33*CC33-CB33*CE33)/(20*CC33-CB33*CB33) -> 41468.061 | CH33: =CF33*A33+CG33 -> 60404.143 | CI33: =SUM(A4:A33) -> 495 | CJ33: =(A4*A4)+(A5*A5)+(A6*A6)+(A7*A7)+(A8*A8)+(A9*A9)+(A10*A10)+(A11*A11)+(A12*A12)+(A13*A13)+(A14*A14)+(A15*A15)+(A16*A16)+(A17*A17)+(A18*A18)+(A19*A19)+(A20*A20)+(A21*A21)+(A22*A22)+(A23*A23)+(A24*A24)+(A25*A25)+(A26*A26)+(A27*A27)+(A28*A28)+(A29*A29)+(A30*A30)+(A31*A31)+(A32*A32)+(A33*A33) -> 10415 | CK33: =SUM(B4:B33) -> 1564763 | CL33: =(A4*B4)+(A5*B5)+(A6*B6)+(A7*B7)+(A8*B8)+(A9*B9)+(A10*B10)+(A11*B11)+(A12*B12)+(A13*B13)+(A14*B14)+(A15*B15)+(A16*B16)+(A17*B17)+(A18*B18)+(A19*B19)+(A20*B20)+(A21*B21)+(A22*B22)+(A23*B23)+(A24*B24)+(A25*B25)+(A26*B26)+(A27*B27)+(A28*B28)+(A29*B29)+(A30*B30)+(A31*B31)+(A32*B32)+(A33*B33) -> 26991957 | CM33: =(30*CL33-CI33*CK33)/(30*CJ33-CI33*CI33) -> 522.07675 | CN33: =(CK33*CJ33-CI33*CL33)/(30*CJ33-CI33*CI33) -> 43544.5 | CO33: =CM33*A33+CN33 -> 59728.88
A34: 32 | B34: =DATA!H33 -> 56218 | C34: =DATA!C256+DATA!D256 -> 2553083 | D34: =B34*C34 -> 143529220094 | E34: =AVERAGE(B25:B34) -> 58349.1 | F34: =AVERAGE(B15:B34) -> 54894.7 | G34: =AVERAGE(B5:B34) -> 52516.9 | H34: =SUM(D15:D34)/SUM(C15:C34) -> 55070.348 | I34: =(2/13)*(B34-I33)+I33 -> 56689.857 | J34: =(2/27)*(B34-J33)+J33 -> 53262.158 | K34: =I34-J34 -> 3427.6989 | M34: =MAX(B15:B34) -> 59999 | N34: =MIN(B15:B34) -> 47514 | O34: =AVERAGE(B15:B34) -> 54894.7 | P34: =O34+2*STDEVPA(B15:B34) -> 63334.493 | Q34: =O34-2*STDEVPA(B15:B34) -> 46454.907 | R34: =(MIN(B26:B34)+MAX(B26:B34))*0.5 -> 58000 | S34: =(MIN(B9:B34)+MAX(B9:B34))*0.5 -> 53596 | T34: =(R34+S34)*0.5 -> 55798 | V34: =B9 -> 48090 | W34: =(B34-B33)/B33 -> -0.02755531 | X34: =IF(W34>=0,W34,0) -> 0 | Y34: =IF(W34<0,ABS(W34),0) -> 0.02755531 | Z34: =AVERAGE(X21:X34) -> 0.017250779 | AA34: =AVERAGE(Y21:Y34) -> 0.006242598 | AB34: =100*Z34/(Z34+AA34) -> 73.428264 | AC34: =(AB34-MIN(AB21:AB34))/(MAX(AB21:AB34)-MIN(AB21:AB34)) -> 0.57205307 | AD34: =AVERAGE(AC32:AC34) -> 0.79286454 | AE34: =AVERAGE(B21:B34) -> 57266.714 | AF34: =STDEV(B21:B34) -> 2535.0667 | AG34: =IF(W34>=0,AF34,0) -> 0 | AH34: =IF(W34<0,AF34,0) -> 2535.0667 | AI34: =AVERAGE(AG21:AG34) -> 1476.6804 | AJ34: =AVERAGE(AH21:AH34) -> 2138.8604 | AK34: =100*AI34/(AI34+AJ34) -> 40.842587 | AL34: =B34-B33 -> -1593 | AM34: =(2/26)*(AL34-AM33)+AM33 -> 162.3656 | AO34: =ABS(AL34) -> 1593 | AP34: =(2/26)*(AO34-AP33)+AP33 -> 1038.389 | AT34: =IF(W34>=0,D34,0) -> 0 | AU34: =IF(W34<0,D34,0) -> 143529220094 | AV34: =AVERAGE(AT21:AT34) -> 1.5715605e+11 | AW34: =AVERAGE(AU21:AU34) -> 1.4848382e+11 | AX34: =AV34/AW34 -> 1.0584053 | AY34: =IF(AW34=0,100,100-(100/(1+AX34))) -> 51.418702 | AZ34: =AVERAGE(B15:B34) -> 54894.7 | BA34: {=SUM(ABS((B15:B34-AVERAGE(B15:B34))))/COUNT(B15:B34)} -> 3867.96 | BB34: =(B34-AZ34)/(0.015*BA34) -> 22.807888 | BC34: =(B34-B33)*C34 -> -4067061219 | BD34: =(2/14)*(BC34-BD33)+BD33 -> 7.8680358e+08 | BE34: =MAX(B21:B34) -> 59999 | BF34: =MIN(B21:B34) -> 50887 | BG34: =(B34-BF34)/(BE34-BF34) -> 0.58505268 | BH34: =(2/6)*(B34-BH33)+BH33 -> 57297.049 | BI34: =(2/21)*(B34-BI33)+BI33 -> 55082.471 | BJ34: =(BH34-BI34)/BI34 -> 0.040204776 | BK34: =(2/6)*(C34-BK33)+BK33 -> 3312803.3 | BL34: =(2/21)*(C34-BL33)+BL33 -> 4857255.1 | BM34: =(BK34-BL34)/BL34 -> -0.31796803 | BN34: =(2/6)*(D34-BN33)+BN33 -> 1.9077022e+11 | BO34: =AVERAGE(D15:D34) -> 3.1444654e+11 | BP34: =(BN34-BO34)/BO34 -> -0.3933143 | BQ34: =B34-B33 -> -1593 | BR34: =IF(BQ34>=0,BQ34,0) -> 0 | BS34: =IF(BQ34<0,ABS(BQ34),0) -> 1593 | BT34: =(SUM(BR26:BR34)-SUM(BS26:BS34))/(SUM(BR26:BR34)+SUM(BS26:BS34))*100 -> -58.683843 | BU34: =SUM(A25:A34) -> 275 | BV34: =(A25*A25)+(A26*A26)+(A27*A27)+(A28*A28)+(A29*A29)+(A30*A30)+(A31*A31)+(A32*A32)+(A33*A33)+(A34*A34) -> 7645 | BW34: =SUM(B25:B34) -> 583491 | BX34: =(A25*B25)+(A26*B26)+(A27*B27)+(A28*B28)+(A29*B29)+(A30*B30)+(A31*B31)+(A32*B32)+(A33*B33)+(A34*B34) -> 16014876 | BY34: =(10*BX34-BU34*BW34)/(10*BV34-BU34*BU34) -> -377.29091 | BZ34: =(BW34*BV34-BU34*BX34)/(10*BV34-BU34*BU34) -> 68724.6 | CA34: =BY34*A34+BZ34 -> 56651.291 | CB34: =SUM(A15:A34) -> 450 | CC34: =(A15*A15)+(A16*A16)+(A17*A17)+(A18*A18)+(A19*A19)+(A20*A20)+(A21*A21)+(A22*A22)+(A23*A23)+(A24*A24)+(A25*A25)+(A26*A26)+(A27*A27)+(A28*A28)+(A29*A29)+(A30*A30)+(A31*A31)+(A32*A32)+(A33*A33)+(A34*A34) -> 10790 | CD34: =SUM(B15:B34) -> 1097894 | CE34: =(A15*B15)+(A16*B16)+(A17*B17)+(A18*B18)+(A19*B19)+(A20*B20)+(A21*B21)+(A22*B22)+(A23*B23)+(A24*B24)+(A25*B25)+(A26*B26)+(A27*B27)+(A28*B28)+(A29*B29)+(A30*B30)+(A31*B31)+(A32*B32)+(A33*B33)+(A34*B34) -> 25079516 | CF34: =(20*CE34-CB34*CD34)/(20*CC34-CB34*CB34) -> 566.76842 | CG34: =(CD34*CC34-CB34*CE34)/(20*CC34-CB34*CB34) -> 42142.411 | CH34: =CF34*A34+CG34 -> 60279 | CI34: =SUM(A5:A34) -> 525 | CJ34: =(A5*A5)+(A6*A6)+(A7*A7)+(A8*A8)+(A9*A9)+(A10*A10)+(A11*A11)+(A12*A12)+(A13*A13)+(A14*A14)+(A15*A15)+(A16*A16)+(A17*A17)+(A18*A18)+(A19*A19)+(A20*A20)+(A21*A21)+(A22*A22)+(A23*A23)+(A24*A24)+(A25*A25)+(A26*A26)+(A27*A27)+(A28*A28)+(A29*A29)+(A30*A30)+(A31*A31)+(A32*A32)+(A33*A33)+(A34*A34) -> 11435 | CK34: =SUM(B5:B34) -> 1575507 | CL34: =(A5*B5)+(A6*B6)+(A7*B7)+(A8*B8)+(A9*B9)+(A10*B10)+(A11*B11)+(A12*B12)+(A13*B13)+(A14*B14)+(A15*B15)+(A16*B16)+(A17*B17)+(A18*B18)+(A19*B19)+(A20*B20)+(A21*B21)+(A22*B22)+(A23*B23)+(A24*B24)+(A25*B25)+(A26*B26)+(A27*B27)+(A28*B28)+(A29*B29)+(A30*B30)+(A31*B31)+(A32*B32)+(A33*B33)+(A34*B34) -> 28699985 | CM34: =(30*CL34-CI34*CK34)/(30*CJ34-CI34*CI34) -> 502.16352 | CN34: =(CK34*CJ34-CI34*CL34)/(30*CJ34-CI34*CI34) -> 43729.038 | CO34: =CM34*A34+CN34 -> 59798.271
A35: 33 | B35: =DATA!H34 -> 55971 | C35: =DATA!C247+DATA!D247 -> 1546055 | D35: =B35*C35 -> 86534244405 | E35: =AVERAGE(B26:B35) -> 57946.3 | F35: =AVERAGE(B16:B35) -> 55141.65 | G35: =AVERAGE(B6:B35) -> 52898.8 | H35: =SUM(D16:D35)/SUM(C16:C35) -> 55177.836 | I35: =(2/13)*(B35-I34)+I34 -> 56579.264 | J35: =(2/27)*(B35-J34)+J34 -> 53462.813 | K35: =I35-J35 -> 3116.4505 | M35: =MAX(B16:B35) -> 59999 | N35: =MIN(B16:B35) -> 47514 | O35: =AVERAGE(B16:B35) -> 55141.65 | P35: =O35+2*STDEVPA(B16:B35) -> 63402.023 | Q35: =O35-2*STDEVPA(B16:B35) -> 46881.277 | R35: =(MIN(B27:B35)+MAX(B27:B35))*0.5 -> 57791 | S35: =(MIN(B10:B35)+MAX(B10:B35))*0.5 -> 53596 | T35: =(R35+S35)*0.5 -> 55693.5 | V35: =B10 -> 47193 | W35: =(B35-B34)/B34 -> -0.0043936106 | X35: =IF(W35>=0,W35,0) -> 0 | Y35: =IF(W35<0,ABS(W35),0) -> 0.0043936106 | Z35: =AVERAGE(X22:X35) -> 0.013679645 | AA35: =AVERAGE(Y22:Y35) -> 0.0065564273 | AB35: =100*Z35/(Z35+AA35) -> 67.600297 | AC35: =(AB35-MIN(AB22:AB35))/(MAX(AB22:AB35)-MIN(AB22:AB35)) -> 0 | AD35: =AVERAGE(AC33:AC35) -> 0.52401769 | AE35: =AVERAGE(B22:B35) -> 57629.857 | AF35: =STDEV(B22:B35) -> 1811.8673 | AG35: =IF(W35>=0,AF35,0) -> 0 | AH35: =IF(W35<0,AF35,0) -> 1811.8673 | AI35: =AVERAGE(AG22:AG35) -> 1378.6458 | AJ35: =AVERAGE(AH22:AH35) -> 2268.2795 | AK35: =100*AI35/(AI35+AJ35) -> 37.802963 | AL35: =B35-B34 -> -247 | AM35: =(2/26)*(AL35-AM34)+AM34 -> 130.87594 | AO35: =ABS(AL35) -> 247 | AP35: =(2/26)*(AO35-AP34)+AP34 -> 977.51297 | AT35: =IF(W35>=0,D35,0) -> 0 | AU35: =IF(W35<0,D35,0) -> 86534244405 | AV35: =AVERAGE(AT22:AT35) -> 1.5552957e+11 | AW35: =AVERAGE(AU22:AU35) -> 1.5466484e+11 | AX35: =AV35/AW35 -> 1.005591 | AY35: =IF(AW35=0,100,100-(100/(1+AX35))) -> 50.139386 | AZ35: =AVERAGE(B16:B35) -> 55141.65 | BA35: {=SUM(ABS((B16:B35-AVERAGE(B16:B35))))/COUNT(B16:B35)} -> 3654.555 | BB35: =(B35-AZ35)/(0.015*BA35) -> 15.129065 | BC35: =(B35-B34)*C35 -> -381875585 | BD35: =(2/14)*(BC35-BD34)+BD34 -> 6.1984941e+08 | BE35: =MAX(B22:B35) -> 59999 | BF35: =MIN(B22:B35) -> 53431 | BG35: =(B35-BF35)/(BE35-BF35) -> 0.38672351 | BH35: =(2/6)*(B35-BH34)+BH34 -> 56855.033 | BI35: =(2/21)*(B35-BI34)+BI34 -> 55167.093 | BJ35: =(BH35-BI35)/BI35 -> 0.030596865 | BK35: =(2/6)*(C35-BK34)+BK34 -> 2723887.2 | BL35: =(2/21)*(C35-BL34)+BL34 -> 4541902.7 | BM35: =(BK35-BL35)/BL35 -> -0.4002762 | BN35: =(2/6)*(D35-BN34)+BN34 -> 1.5602489e+11 | BO35: =AVERAGE(D16:D35) -> 3.1197324e+11 | BP35: =(BN35-BO35)/BO35 -> -0.49987731 | BQ35: =B35-B34 -> -247 | BR35: =IF(BQ35>=0,BQ35,0) -> 0 | BS35: =IF(BQ35<0,ABS(BQ35),0) -> 247 | BT35: =(SUM(BR27:BR35)-SUM(BS27:BS35))/(SUM(BR27:BR35)+SUM(BS27:BS35))*100 -> -58.875328 | BU35: =SUM(A26:A35) -> 285 | BV35: =(A26*A26)+(A27*A27)+(A28*A28)+(A29*A29)+(A30*A30)+(A31*A31)+(A32*A32)+(A33*A33)+(A34*A34)+(A35*A35) -> 8205 | BW35: =SUM(B26:B35) -> 579463 | BX35: =(A26*B26)+(A27*B27)+(A28*B28)+(A29*B29)+(A30*B30)+(A31*B31)+(A32*B32)+(A33*B33)+(A34*B34)+(A35*B35) -> 16481942 | BY35: =(10*BX35-BU35*BW35)/(10*BV35-BU35*BU35) -> -397.01212 | BZ35: =(BW35*BV35-BU35*BX35)/(10*BV35-BU35*BU35) -> 69261.145 | CA35: =BY35*A35+BZ35 -> 56159.745 | CB35: =SUM(A16:A35) -> 470 | CC35: =(A16*A16)+(A17*A17)+(A18*A18)+(A19*A19)+(A20*A20)+(A21*A21)+(A22*A22)+(A23*A23)+(A24*A24)+(A25*A25)+(A26*A26)+(A27*A27)+(A28*A28)+(A29*A29)+(A30*A30)+(A31*A31)+(A32*A32)+(A33*A33)+(A34*A34)+(A35*A35) -> 11710 | CD35: =SUM(B16:B35) -> 1102833 | CE35: =(A16*B16)+(A17*B17)+(A18*B18)+(A19*B19)+(A20*B20)+(A21*B21)+(A22*B22)+(A23*B23)+(A24*B24)+(A25*B25)+(A26*B26)+(A27*B27)+(A28*B28)+(A29*B29)+(A30*B30)+(A31*B31)+(A32*B32)+(A33*B33)+(A34*B34)+(A35*B35) -> 26263143 | CF35: =(20*CE35-CB35*CD35)/(20*CC35-CB35*CB35) -> 521.15414 | CG35: =(CD35*CC35-CB35*CE35)/(20*CC35-CB35*CB35) -> 42894.528 | CH35: =CF35*A35+CG35 -> 60092.614 | CI35: =SUM(A6:A35) -> 555 | CJ35: =(A6*A6)+(A7*A7)+(A8*A8)+(A9*A9)+(A10*A10)+(A11*A11)+(A12*A12)+(A13*A13)+(A14*A14)+(A15*A15)+(A16*A16)+(A17*A17)+(A18*A18)+(A19*A19)+(A20*A20)+(A21*A21)+(A22*A22)+(A23*A23)+(A24*A24)+(A25*A25)+(A26*A26)+(A27*A27)+(A28*A28)+(A29*A29)+(A30*A30)+(A31*A31)+(A32*A32)+(A33*A33)+(A34*A34)+(A35*A35) -> 12515 | CK35: =SUM(B6:B35) -> 1586964 | CL35: =(A6*B6)+(A7*B7)+(A8*B8)+(A9*B9)+(A10*B10)+(A11*B11)+(A12*B12)+(A13*B13)+(A14*B14)+(A15*B15)+(A16*B16)+(A17*B17)+(A18*B18)+(A19*B19)+(A20*B20)+(A21*B21)+(A22*B22)+(A23*B23)+(A24*B24)+(A25*B25)+(A26*B26)+(A27*B27)+(A28*B28)+(A29*B29)+(A30*B30)+(A31*B31)+(A32*B32)+(A33*B33)+(A34*B34)+(A35*B35) -> 30413486 | CM35: =(30*CL35-CI35*CK35)/(30*CJ35-CI35*CI35) -> 469.25562 | CN35: =(CK35*CJ35-CI35*CL35)/(30*CJ35-CI35*CI35) -> 44217.571 | CO35: =CM35*A35+CN35 -> 59703.006
A36: 34 | B36: =DATA!H35 -> 57916 | C36: =DATA!C238+DATA!D238 -> 1624500 | D36: =B36*C36 -> 94084542000 | E36: =AVERAGE(B27:B36) -> 57759.7 | F36: =AVERAGE(B17:B36) -> 55516.95 | G36: =AVERAGE(B7:B36) -> 53289.8 | H36: =SUM(D17:D36)/SUM(C17:C36) -> 55907.385 | I36: =(2/13)*(B36-I35)+I35 -> 56784.915 | J36: =(2/27)*(B36-J35)+J35 -> 53792.679 | K36: =I36-J36 -> 2992.2366 | L36: =AVERAGE(K28:K36) -> 3887.3799 | M36: =MAX(B17:B36) -> 59999 | N36: =MIN(B17:B36) -> 47514 | O36: =AVERAGE(B17:B36) -> 55516.95 | P36: =O36+2*STDEVPA(B17:B36) -> 63562.574 | Q36: =O36-2*STDEVPA(B17:B36) -> 47471.326 | R36: =(MIN(B28:B36)+MAX(B28:B36))*0.5 -> 57519 | S36: =(MIN(B11:B36)+MAX(B11:B36))*0.5 -> 53756.5 | T36: =(R36+S36)*0.5 -> 55637.75 | V36: =B11 -> 48133 | W36: =(B36-B35)/B35 -> 0.034750138 | X36: =IF(W36>=0,W36,0) -> 0.034750138 | Y36: =IF(W36<0,ABS(W36),0) -> 0 | Z36: =AVERAGE(X23:X36) -> 0.012590861 | AA36: =AVERAGE(Y23:Y36) -> 0.0065564273 | AB36: =100*Z36/(Z36+AA36) -> 65.757932 | AC36: =(AB36-MIN(AB23:AB36))/(MAX(AB23:AB36)-MIN(AB23:AB36)) -> 0 | AD36: =AVERAGE(AC34:AC36) -> 0.19068436 | AE36: =AVERAGE(B23:B36) -> 57950.214 | AF36: =STDEV(B23:B36) -> 1349.9828 | AG36: =IF(W36>=0,AF36,0) -> 1349.9828 | AH36: =IF(W36<0,AF36,0) -> 0 | AI36: =AVERAGE(AG23:AG36) -> 1348.3971 | AJ36: =AVERAGE(AH23:AH36) -> 2268.2795 | AK36: =100*AI36/(AI36+AJ36) -> 37.282767 | AL36: =B36-B35 -> 1945 | AM36: =(2/26)*(AL36-AM35)+AM35 -> 270.42394 | AO36: =ABS(AL36) -> 1945 | AP36: =(2/26)*(AO36-AP35)+AP35 -> 1051.935 | AT36: =IF(W36>=0,D36,0) -> 94084542000 | AU36: =IF(W36<0,D36,0) -> 0 | AV36: =AVERAGE(AT23:AT36) -> 1.5530005e+11 | AW36: =AVERAGE(AU23:AU36) -> 1.5466484e+11 | AX36: =AV36/AW36 -> 1.004107 | AY36: =IF(AW36=0,100,100-(100/(1+AX36))) -> 50.102465 | AZ36: =AVERAGE(B17:B36) -> 55516.95 | BA36: {=SUM(ABS((B17:B36-AVERAGE(B17:B36))))/COUNT(B17:B36)} -> 3406.57 | BB36: =(B36-AZ36)/(0.015*BA36) -> 46.949473 | BC36: =(B36-B35)*C36 -> 3159652500 | BD36: =(2/14)*(BC36-BD35)+BD35 -> 9.8267843e+08 | BE36: =MAX(B23:B36) -> 59999 | BF36: =MIN(B23:B36) -> 55917 | BG36: =(B36-BF36)/(BE36-BF36) -> 0.48971093 | BH36: =(2/6)*(B36-BH35)+BH35 -> 57208.689 | BI36: =(2/21)*(B36-BI35)+BI35 -> 55428.894 | BJ36: =(BH36-BI36)/BI36 -> 0.032109519 | BK36: =(2/6)*(C36-BK35)+BK35 -> 2357424.8 | BL36: =(2/21)*(C36-BL35)+BL35 -> 4264054.8 | BM36: =(BK36-BL36)/BL36 -> -0.44714013 | BN36: =(2/6)*(D36-BN35)+BN35 -> 1.3537811e+11 | BO36: =AVERAGE(D17:D36) -> 2.803495e+11 | BP36: =(BN36-BO36)/BO36 -> -0.5171095 | BQ36: =B36-B35 -> 1945 | BR36: =IF(BQ36>=0,BQ36,0) -> 1945 | BS36: =IF(BQ36<0,ABS(BQ36),0) -> 0 | BT36: =(SUM(BR28:BR36)-SUM(BS28:BS36))/(SUM(BR28:BR36)+SUM(BS28:BS36))*100 -> -20.552928 | BU36: =SUM(A27:A36) -> 295 | BV36: =(A27*A27)+(A28*A28)+(A29*A29)+(A30*A30)+(A31*A31)+(A32*A32)+(A33*A33)+(A34*A34)+(A35*A35)+(A36*A36) -> 8785 | BW36: =SUM(B27:B36) -> 577597 | BX36: =(A27*B27)+(A28*B28)+(A29*B29)+(A30*B30)+(A31*B31)+(A32*B32)+(A33*B33)+(A34*B34)+(A35*B35)+(A36*B36) -> 17016318 | BY36: =(10*BX36-BU36*BW36)/(10*BV36-BU36*BU36) -> -276.28485 | BZ36: =(BW36*BV36-BU36*BX36)/(10*BV36-BU36*BU36) -> 65910.103 | CA36: =BY36*A36+BZ36 -> 56516.418 | CB36: =SUM(A17:A36) -> 490 | CC36: =(A17*A17)+(A18*A18)+(A19*A19)+(A20*A20)+(A21*A21)+(A22*A22)+(A23*A23)+(A24*A24)+(A25*A25)+(A26*A26)+(A27*A27)+(A28*A28)+(A29*A29)+(A30*A30)+(A31*A31)+(A32*A32)+(A33*A33)+(A34*A34)+(A35*A35)+(A36*A36) -> 12670 | CD36: =SUM(B17:B36) -> 1110339 | CE36: =(A17*B17)+(A18*B18)+(A19*B19)+(A20*B20)+(A21*B21)+(A22*B22)+(A23*B23)+(A24*B24)+(A25*B25)+(A26*B26)+(A27*B27)+(A28*B28)+(A29*B29)+(A30*B30)+(A31*B31)+(A32*B32)+(A33*B33)+(A34*B34)+(A35*B35)+(A36*B36) -> 27526547 | CF36: =(20*CE36-CB36*CD36)/(20*CC36-CB36*CB36) -> 486.07744 | CG36: =(CD36*CC36-CB36*CE36)/(20*CC36-CB36*CB36) -> 43608.053 | CH36: =CF36*A36+CG36 -> 60134.686 | CI36: =SUM(A7:A36) -> 585 | CJ36: =(A7*A7)+(A8*A8)+(A9*A9)+(A10*A10)+(A11*A11)+(A12*A12)+(A13*A13)+(A14*A14)+(A15*A15)+(A16*A16)+(A17*A17)+(A18*A18)+(A19*A19)+(A20*A20)+(A21*A21)+(A22*A22)+(A23*A23)+(A24*A24)+(A25*A25)+(A26*A26)+(A27*A27)+(A28*A28)+(A29*A29)+(A30*A30)+(A31*A31)+(A32*A32)+(A33*A33)+(A34*A34)+(A35*A35)+(A36*A36) -> 13655 | CK36: =SUM(B7:B36) -> 1598694 | CL36: =(A7*B7)+(A8*B8)+(A9*B9)+(A10*B10)+(A11*B11)+(A12*B12)+(A13*B13)+(A14*B14)+(A15*B15)+(A16*B16)+(A17*B17)+(A18*B18)+(A19*B19)+(A20*B20)+(A21*B21)+(A22*B22)+(A23*B23)+(A24*B24)+(A25*B25)+(A26*B26)+(A27*B27)+(A28*B28)+(A29*B29)+(A30*B30)+(A31*B31)+(A32*B32)+(A33*B33)+(A34*B34)+(A35*B35)+(A36*B36) -> 32197886 | CM36: =(30*CL36-CI36*CK36)/(30*CJ36-CI36*CI36) -> 455.32948 | CN36: =(CK36*CJ36-CI36*CL36)/(30*CJ36-CI36*CI36) -> 44410.875 | CO36: =CM36*A36+CN36 -> 59892.077
A37: 35 | B37: =DATA!H36 -> 57099 | C37: =DATA!C229+DATA!D229 -> 2123280 | D37: =B37*C37 -> 121237164720 | E37: =AVERAGE(B28:B37) -> 57508.5 | F37: =AVERAGE(B18:B37) -> 55854.3 | G37: =AVERAGE(B8:B37) -> 53602.8 | H37: =SUM(D18:D37)/SUM(C18:C37) -> 56639.04 | I37: =(2/13)*(B37-I36)+I36 -> 56833.236 | J37: =(2/27)*(B37-J36)+J36 -> 54037.591 | K37: =I37-J37 -> 2795.6446 | L37: =AVERAGE(K29:K37) -> 3676.072 | M37: =MAX(B18:B37) -> 59999 | N37: =MIN(B18:B37) -> 47514 | O37: =AVERAGE(B18:B37) -> 55854.3 | P37: =O37+2*STDEVPA(B18:B37) -> 63564.169 | Q37: =O37-2*STDEVPA(B18:B37) -> 48144.431 | R37: =(MIN(B29:B37)+MAX(B29:B37))*0.5 -> 57117 | S37: =(MIN(B12:B37)+MAX(B12:B37))*0.5 -> 53756.5 | T37: =(R37+S37)*0.5 -> 55436.75 | V37: =B12 -> 47628 | W37: =(B37-B36)/B36 -> -0.014106637 | X37: =IF(W37>=0,W37,0) -> 0 | Y37: =IF(W37<0,ABS(W37),0) -> 0.014106637 | Z37: =AVERAGE(X24:X37) -> 0.0092674823 | AA37: =AVERAGE(Y24:Y37) -> 0.0075640443 | AB37: =100*Z37/(Z37+AA37) -> 55.06026 | AC37: =(AB37-MIN(AB24:AB37))/(MAX(AB24:AB37)-MIN(AB24:AB37)) -> 0 | AD37: =AVERAGE(AC35:AC37) -> 0 | AE37: =AVERAGE(B24:B37) -> 58034.643 | AF37: =STDEV(B24:B37) -> 1246 | AG37: =IF(W37>=0,AF37,0) -> 0 | AH37: =IF(W37<0,AF37,0) -> 1246 | AI37: =AVERAGE(AG24:AG37) -> 1174.3311 | AJ37: =AVERAGE(AH24:AH37) -> 2357.2795 | AK37: =100*AI37/(AI37+AJ37) -> 33.251998 | AL37: =B37-B36 -> -817 | AM37: =(2/26)*(AL37-AM36)+AM36 -> 186.77595 | AO37: =ABS(AL37) -> 817 | AP37: =(2/26)*(AO37-AP36)+AP36 -> 1033.8631 | AT37: =IF(W37>=0,D37,0) -> 0 | AU37: =IF(W37<0,D37,0) -> 121237164720 | AV37: =AVERAGE(AT24:AT37) -> 1.0265819e+11 | AW37: =AVERAGE(AU24:AU37) -> 1.6332463e+11 | AX37: =AV37/AW37 -> 0.62855299 | AY37: =IF(AW37=0,100,100-(100/(1+AX37))) -> 38.595796 | AZ37: =AVERAGE(B18:B37) -> 55854.3 | BA37: {=SUM(ABS((B18:B37-AVERAGE(B18:B37))))/COUNT(B18:B37)} -> 3058.75 | BB37: =(B37-AZ37)/(0.015*BA37) -> 27.128729 | BC37: =(B37-B36)*C37 -> -1734719760 | BD37: =(2/14)*(BC37-BD36)+BD36 -> 5.9447868e+08 | BE37: =MAX(B24:B37) -> 59999 | BF37: =MIN(B24:B37) -> 55971 | BG37: =(B37-BF37)/(BE37-BF37) -> 0.28003972 | BH37: =(2/6)*(B37-BH36)+BH36 -> 57172.126 | BI37: =(2/21)*(B37-BI36)+BI36 -> 55587.951 | BJ37: =(BH37-BI37)/BI37 -> 0.028498522 | BK37: =(2/6)*(C37-BK36)+BK36 -> 2279376.5 | BL37: =(2/21)*(C37-BL36)+BL36 -> 4060171.5 | BM37: =(BK37-BL37)/BL37 -> -0.43860093 | BN37: =(2/6)*(D37-BN36)+BN36 -> 1.3066446e+11 | BO37: =AVERAGE(D18:D37) -> 2.5741867e+11 | BP37: =(BN37-BO37)/BO37 -> -0.49240488 | BQ37: =B37-B36 -> -817 | BR37: =IF(BQ37>=0,BQ37,0) -> 0 | BS37: =IF(BQ37<0,ABS(BQ37),0) -> 817 | BT37: =(SUM(BR29:BR37)-SUM(BS29:BS37))/(SUM(BR29:BR37)+SUM(BS29:BS37))*100 -> -23.098592 | BU37: =SUM(A28:A37) -> 305 | BV37: =(A28*A28)+(A29*A29)+(A30*A30)+(A31*A31)+(A32*A32)+(A33*A33)+(A34*A34)+(A35*A35)+(A36*A36)+(A37*A37) -> 9385 | BW37: =SUM(B28:B37) -> 575085 | BX37: =(A28*B28)+(A29*B29)+(A30*B30)+(A31*B31)+(A32*B32)+(A33*B33)+(A34*B34)+(A35*B35)+(A36*B36)+(A37*B37) -> 17524508 | BY37: =(10*BX37-BU37*BW37)/(10*BV37-BU37*BU37) -> -188.90303 | BZ37: =(BW37*BV37-BU37*BX37)/(10*BV37-BU37*BU37) -> 63270.042 | CA37: =BY37*A37+BZ37 -> 56658.436 | CB37: =SUM(A18:A37) -> 510 | CC37: =(A18*A18)+(A19*A19)+(A20*A20)+(A21*A21)+(A22*A22)+(A23*A23)+(A24*A24)+(A25*A25)+(A26*A26)+(A27*A27)+(A28*A28)+(A29*A29)+(A30*A30)+(A31*A31)+(A32*A32)+(A33*A33)+(A34*A34)+(A35*A35)+(A36*A36)+(A37*A37) -> 13670 | CD37: =SUM(B18:B37) -> 1117086 | CE37: =(A18*B18)+(A19*B19)+(A20*B20)+(A21*B21)+(A22*B22)+(A23*B23)+(A24*B24)+(A25*B25)+(A26*B26)+(A27*B27)+(A28*B28)+(A29*B29)+(A30*B30)+(A31*B31)+(A32*B32)+(A33*B33)+(A34*B34)+(A35*B35)+(A36*B36)+(A37*B37) -> 28769732 | CF37: =(20*CE37-CB37*CD37)/(20*CC37-CB37*CB37) -> 427.12632 | CG37: =(CD37*CC37-CB37*CE37)/(20*CC37-CB37*CB37) -> 44962.579 | CH37: =CF37*A37+CG37 -> 59912 | CI37: =SUM(A8:A37) -> 615 | CJ37: =(A8*A8)+(A9*A9)+(A10*A10)+(A11*A11)+(A12*A12)+(A13*A13)+(A14*A14)+(A15*A15)+(A16*A16)+(A17*A17)+(A18*A18)+(A19*A19)+(A20*A20)+(A21*A21)+(A22*A22)+(A23*A23)+(A24*A24)+(A25*A25)+(A26*A26)+(A27*A27)+(A28*A28)+(A29*A29)+(A30*A30)+(A31*A31)+(A32*A32)+(A33*A33)+(A34*A34)+(A35*A35)+(A36*A36)+(A37*A37) -> 14855 | CK37: =SUM(B8:B37) -> 1608084 | CL37: =(A8*B8)+(A9*B9)+(A10*B10)+(A11*B11)+(A12*B12)+(A13*B13)+(A14*B14)+(A15*B15)+(A16*B16)+(A17*B17)+(A18*B18)+(A19*B19)+(A20*B20)+(A21*B21)+(A22*B22)+(A23*B23)+(A24*B24)+(A25*B25)+(A26*B26)+(A27*B27)+(A28*B28)+(A29*B29)+(A30*B30)+(A31*B31)+(A32*B32)+(A33*B33)+(A34*B34)+(A35*B35)+(A36*B36)+(A37*B37) -> 33957806 | CM37: =(30*CL37-CI37*CK37)/(30*CJ37-CI37*CI37) -> 441.41669 | CN37: =(CK37*CJ37-CI37*CL37)/(30*CJ37-CI37*CI37) -> 44553.758 | CO37: =CM37*A37+CN37 -> 60003.342
A38: 36 | B38: =DATA!H37 -> 57605 | C38: =DATA!C220+DATA!D220 -> 1553673 | D38: =B38*C38 -> 89499333165 | E38: =AVERAGE(B29:B38) -> 57362.3 | F38: =AVERAGE(B19:B38) -> 56315.15 | G38: =AVERAGE(B9:B38) -> 53922.167 | H38: =SUM(D19:D38)/SUM(C19:C38) -> 56865.347 | I38: =(2/13)*(B38-I37)+I37 -> 56951.969 | J38: =(2/27)*(B38-J37)+J37 -> 54301.844 | K38: =I38-J38 -> 2650.1251 | L38: =AVERAGE(K30:K38) -> 3462.7926 | M38: =MAX(B19:B38) -> 59999 | N38: =MIN(B19:B38) -> 47514 | O38: =AVERAGE(B19:B38) -> 56315.15 | P38: =O38+2*STDEVPA(B19:B38) -> 63247.423 | Q38: =O38-2*STDEVPA(B19:B38) -> 49382.877 | R38: =(MIN(B30:B38)+MAX(B30:B38))*0.5 -> 57050.5 | S38: =(MIN(B13:B38)+MAX(B13:B38))*0.5 -> 53756.5 | T38: =(R38+S38)*0.5 -> 55403.5 | V38: =B13 -> 49789 | W38: =(B38-B37)/B37 -> 0.0088618014 | X38: =IF(W38>=0,W38,0) -> 0.0088618014 | Y38: =IF(W38<0,ABS(W38),0) -> 0 | Z38: =AVERAGE(X25:X38) -> 0.0072294174 | AA38: =AVERAGE(Y25:Y38) -> 0.0075640443 | AB38: =100*Z38/(Z38+AA38) -> 48.869004 | AC38: =(AB38-MIN(AB25:AB38))/(MAX(AB25:AB38)-MIN(AB25:AB38)) -> 0 | AD38: =AVERAGE(AC36:AC38) -> 0 | AE38: =AVERAGE(B25:B38) -> 58005.857 | AF38: =STDEV(B25:B38) -> 1251.3067 | AG38: =IF(W38>=0,AF38,0) -> 1251.3067 | AH38: =IF(W38<0,AF38,0) -> 0 | AI38: =AVERAGE(AG25:AG38) -> 1041.4309 | AJ38: =AVERAGE(AH25:AH38) -> 2357.2795 | AK38: =100*AI38/(AI38+AJ38) -> 30.641944 | AL38: =B38-B37 -> 506 | AM38: =(2/26)*(AL38-AM37)+AM37 -> 211.33164 | AO38: =ABS(AL38) -> 506 | AP38: =(2/26)*(AO38-AP37)+AP37 -> 993.25827 | AT38: =IF(W38>=0,D38,0) -> 89499333165 | AU38: =IF(W38<0,D38,0) -> 0 | AV38: =AVERAGE(AT25:AT38) -> 8.0631221e+10 | AW38: =AVERAGE(AU25:AU38) -> 1.6332463e+11 | AX38: =AV38/AW38 -> 0.49368683 | AY38: =IF(AW38=0,100,100-(100/(1+AX38))) -> 33.051562 | AZ38: =AVERAGE(B19:B38) -> 56315.15 | BA38: {=SUM(ABS((B19:B38-AVERAGE(B19:B38))))/COUNT(B19:B38)} -> 2580.405 | BB38: =(B38-AZ38)/(0.015*BA38) -> 33.324226 | BC38: =(B38-B37)*C38 -> 786158538 | BD38: =(2/14)*(BC38-BD37)+BD37 -> 6.2186152e+08 | BE38: =MAX(B25:B38) -> 59999 | BF38: =MIN(B25:B38) -> 55971 | BG38: =(B38-BF38)/(BE38-BF38) -> 0.40566038 | BH38: =(2/6)*(B38-BH37)+BH37 -> 57316.417 | BI38: =(2/21)*(B38-BI37)+BI37 -> 55780.051 | BJ38: =(BH38-BI38)/BI38 -> 0.027543288 | BK38: =(2/6)*(C38-BK37)+BK37 -> 2037475.3 | BL38: =(2/21)*(C38-BL37)+BL37 -> 3821457.4 | BM38: =(BK38-BL38)/BL38 -> -0.4668329 | BN38: =(2/6)*(D38-BN37)+BN37 -> 1.1694275e+11 | BO38: =AVERAGE(D19:D38) -> 2.5635079e+11 | BP38: =(BN38-BO38)/BO38 -> -0.54381748 | BQ38: =B38-B37 -> 506 | BR38: =IF(BQ38>=0,BQ38,0) -> 506 | BS38: =IF(BQ38<0,ABS(BQ38),0) -> 0 | BT38: =(SUM(BR30:BR38)-SUM(BS30:BS38))/(SUM(BR30:BR38)+SUM(BS30:BS38))*100 -> -8.002919 | BU38: =SUM(A29:A38) -> 315 | BV38: =(A29*A29)+(A30*A30)+(A31*A31)+(A32*A32)+(A33*A33)+(A34*A34)+(A35*A35)+(A36*A36)+(A37*A37)+(A38*A38) -> 10005 | BW38: =SUM(B29:B38) -> 573623 | BX38: =(A29*B29)+(A30*B30)+(A31*B31)+(A32*B32)+(A33*B33)+(A34*B34)+(A35*B35)+(A36*B36)+(A37*B37)+(A38*B38) -> 18062546 | BY38: =(10*BX38-BU38*BW38)/(10*BV38-BU38*BU38) -> -79.739394 | BZ38: =(BW38*BV38-BU38*BX38)/(10*BV38-BU38*BU38) -> 59874.091 | CA38: =BY38*A38+BZ38 -> 57003.473 | CB38: =SUM(A19:A38) -> 530 | CC38: =(A19*A19)+(A20*A20)+(A21*A21)+(A22*A22)+(A23*A23)+(A24*A24)+(A25*A25)+(A26*A26)+(A27*A27)+(A28*A28)+(A29*A29)+(A30*A30)+(A31*A31)+(A32*A32)+(A33*A33)+(A34*A34)+(A35*A35)+(A36*A36)+(A37*A37)+(A38*A38) -> 14710 | CD38: =SUM(B19:B38) -> 1126303 | CE38: =(A19*B19)+(A20*B20)+(A21*B21)+(A22*B22)+(A23*B23)+(A24*B24)+(A25*B25)+(A26*B26)+(A27*B27)+(A28*B28)+(A29*B29)+(A30*B30)+(A31*B31)+(A32*B32)+(A33*B33)+(A34*B34)+(A35*B35)+(A36*B36)+(A37*B37)+(A38*B38) -> 30069304 | CF38: =(20*CE38-CB38*CD38)/(20*CC38-CB38*CB38) -> 334.24737 | CG38: =(CD38*CC38-CB38*CE38)/(20*CC38-CB38*CB38) -> 47457.595 | CH38: =CF38*A38+CG38 -> 59490.5 | CI38: =SUM(A9:A38) -> 645 | CJ38: =(A9*A9)+(A10*A10)+(A11*A11)+(A12*A12)+(A13*A13)+(A14*A14)+(A15*A15)+(A16*A16)+(A17*A17)+(A18*A18)+(A19*A19)+(A20*A20)+(A21*A21)+(A22*A22)+(A23*A23)+(A24*A24)+(A25*A25)+(A26*A26)+(A27*A27)+(A28*A28)+(A29*A29)+(A30*A30)+(A31*A31)+(A32*A32)+(A33*A33)+(A34*A34)+(A35*A35)+(A36*A36)+(A37*A37)+(A38*A38) -> 16115 | CK38: =SUM(B9:B38) -> 1617665 | CL38: =(A9*B9)+(A10*B10)+(A11*B11)+(A12*B12)+(A13*B13)+(A14*B14)+(A15*B15)+(A16*B16)+(A17*B17)+(A18*B18)+(A19*B19)+(A20*B20)+(A21*B21)+(A22*B22)+(A23*B23)+(A24*B24)+(A25*B25)+(A26*B26)+(A27*B27)+(A28*B28)+(A29*B29)+(A30*B30)+(A31*B31)+(A32*B32)+(A33*B33)+(A34*B34)+(A35*B35)+(A36*B36)+(A37*B37)+(A38*B38) -> 35743442 | CM38: =(30*CL38-CI38*CK38)/(30*CJ38-CI38*CI38) -> 428.76285 | CN38: =(CK38*CJ38-CI38*CL38)/(30*CJ38-CI38*CI38) -> 44703.765 | CO38: =CM38*A38+CN38 -> 60139.228
A39: 37 | B39: =DATA!H38 -> 58602 | C39: =DATA!C211+DATA!D211 -> 2281782 | D39: =B39*C39 -> 133716988764 | E39: =AVERAGE(B30:B39) -> 57396.2 | F39: =AVERAGE(B20:B39) -> 56869.55 | G39: =AVERAGE(B10:B39) -> 54272.567 | H39: =SUM(D20:D39)/SUM(C20:C39) -> 57969.955 | I39: =(2/13)*(B39-I38)+I38 -> 57205.82 | J39: =(2/27)*(B39-J38)+J38 -> 54620.374 | K39: =I39-J39 -> 2585.4459 | L39: =AVERAGE(K31:K39) -> 3269.6597 | M39: =MAX(B20:B39) -> 59999 | N39: =MIN(B20:B39) -> 48464 | O39: =AVERAGE(B20:B39) -> 56869.55 | P39: =O39+2*STDEVPA(B20:B39) -> 62559.968 | Q39: =O39-2*STDEVPA(B20:B39) -> 51179.132 | R39: =(MIN(B31:B39)+MAX(B31:B39))*0.5 -> 57286.5 | S39: =(MIN(B14:B39)+MAX(B14:B39))*0.5 -> 53756.5 | T39: =(R39+S39)*0.5 -> 55521.5 | V39: =B14 -> 50347 | W39: =(B39-B38)/B38 -> 0.017307525 | X39: =IF(W39>=0,W39,0) -> 0.017307525 | Y39: =IF(W39<0,ABS(W39),0) -> 0 | Z39: =AVERAGE(X26:X39) -> 0.006014037 | AA39: =AVERAGE(Y26:Y39) -> 0.0075640443 | AB39: =100*Z39/(Z39+AA39) -> 44.292245 | AC39: =(AB39-MIN(AB26:AB39))/(MAX(AB26:AB39)-MIN(AB26:AB39)) -> 0 | AD39: =AVERAGE(AC37:AC39) -> 0 | AE39: =AVERAGE(B26:B39) -> 57906.071 | AF39: =STDEV(B26:B39) -> 1129.9543 | AG39: =IF(W39>=0,AF39,0) -> 1129.9543 | AH39: =IF(W39<0,AF39,0) -> 0 | AI39: =AVERAGE(AG26:AG39) -> 845.5934 | AJ39: =AVERAGE(AH26:AH39) -> 2357.2795 | AK39: =100*AI39/(AI39+AJ39) -> 26.401092 | AL39: =B39-B38 -> 997 | AM39: =(2/26)*(AL39-AM38)+AM38 -> 271.76767 | AO39: =ABS(AL39) -> 997 | AP39: =(2/26)*(AO39-AP38)+AP38 -> 993.54609 | AT39: =IF(W39>=0,D39,0) -> 133716988764 | AU39: =IF(W39<0,D39,0) -> 0 | AV39: =AVERAGE(AT26:AT39) -> 4.9918819e+10 | AW39: =AVERAGE(AU26:AU39) -> 1.6332463e+11 | AX39: =AV39/AW39 -> 0.3056417 | AY39: =IF(AW39=0,100,100-(100/(1+AX39))) -> 23.409309 | AZ39: =AVERAGE(B20:B39) -> 56869.55 | BA39: {=SUM(ABS((B20:B39-AVERAGE(B20:B39))))/COUNT(B20:B39)} -> 2032.93 | BB39: =(B39-AZ39)/(0.015*BA39) -> 56.812909 | BC39: =(B39-B38)*C39 -> 2274936654 | BD39: =(2/14)*(BC39-BD38)+BD38 -> 8.5801511e+08 | BE39: =MAX(B26:B39) -> 59782 | BF39: =MIN(B26:B39) -> 55971 | BG39: =(B39-BF39)/(BE39-BF39) -> 0.69036998 | BH39: =(2/6)*(B39-BH38)+BH38 -> 57744.945 | BI39: =(2/21)*(B39-BI38)+BI38 -> 56048.808 | BJ39: =(BH39-BI39)/BI39 -> 0.030261778 | BK39: =(2/6)*(C39-BK38)+BK38 -> 2118910.9 | BL39: =(2/21)*(C39-BL38)+BL38 -> 3674821.6 | BM39: =(BK39-BL39)/BL39 -> -0.42339762 | BN39: =(2/6)*(D39-BN38)+BN38 -> 1.2253416e+11 | BO39: =AVERAGE(D20:D39) -> 2.4073595e+11 | BP39: =(BN39-BO39)/BO39 -> -0.4910018 | BQ39: =B39-B38 -> 997 | BR39: =IF(BQ39>=0,BQ39,0) -> 997 | BS39: =IF(BQ39<0,ABS(BQ39),0) -> 0 | BT39: =(SUM(BR31:BR39)-SUM(BS31:BS39))/(SUM(BR31:BR39)+SUM(BS31:BS39))*100 -> 18.836255 | BU39: =SUM(A30:A39) -> 325 | BV39: =(A30*A30)+(A31*A31)+(A32*A32)+(A33*A33)+(A34*A34)+(A35*A35)+(A36*A36)+(A37*A37)+(A38*A38)+(A39*A39) -> 10645 | BW39: =SUM(B30:B39) -> 573962 | BX39: =(A30*B30)+(A31*B31)+(A32*B32)+(A33*B33)+(A34*B34)+(A35*B35)+(A36*B36)+(A37*B37)+(A38*B38)+(A39*B39) -> 18657719 | BY39: =(10*BX39-BU39*BW39)/(10*BV39-BU39*BU39) -> 47.927273 | BZ39: =(BW39*BV39-BU39*BX39)/(10*BV39-BU39*BU39) -> 55838.564 | CA39: =BY39*A39+BZ39 -> 57611.873 | CB39: =SUM(A20:A39) -> 550 | CC39: =(A20*A20)+(A21*A21)+(A22*A22)+(A23*A23)+(A24*A24)+(A25*A25)+(A26*A26)+(A27*A27)+(A28*A28)+(A29*A29)+(A30*A30)+(A31*A31)+(A32*A32)+(A33*A33)+(A34*A34)+(A35*A35)+(A36*A36)+(A37*A37)+(A38*A38)+(A39*A39) -> 15790 | CD39: =SUM(B20:B39) -> 1137391 | CE39: =(A20*B20)+(A21*B21)+(A22*B22)+(A23*B23)+(A24*B24)+(A25*B25)+(A26*B26)+(A27*B27)+(A28*B28)+(A29*B29)+(A30*B30)+(A31*B31)+(A32*B32)+(A33*B33)+(A34*B34)+(A35*B35)+(A36*B36)+(A37*B37)+(A38*B38)+(A39*B39) -> 31429840 | CF39: =(20*CE39-CB39*CD39)/(20*CC39-CB39*CB39) -> 227.95113 | CG39: =(CD39*CC39-CB39*CE39)/(20*CC39-CB39*CB39) -> 50600.894 | CH39: =CF39*A39+CG39 -> 59035.086 | CI39: =SUM(A10:A39) -> 675 | CJ39: =(A10*A10)+(A11*A11)+(A12*A12)+(A13*A13)+(A14*A14)+(A15*A15)+(A16*A16)+(A17*A17)+(A18*A18)+(A19*A19)+(A20*A20)+(A21*A21)+(A22*A22)+(A23*A23)+(A24*A24)+(A25*A25)+(A26*A26)+(A27*A27)+(A28*A28)+(A29*A29)+(A30*A30)+(A31*A31)+(A32*A32)+(A33*A33)+(A34*A34)+(A35*A35)+(A36*A36)+(A37*A37)+(A38*A38)+(A39*A39) -> 17435 | CK39: =SUM(B10:B39) -> 1628177 | CL39: =(A10*B10)+(A11*B11)+(A12*B12)+(A13*B13)+(A14*B14)+(A15*B15)+(A16*B16)+(A17*B17)+(A18*B18)+(A19*B19)+(A20*B20)+(A21*B21)+(A22*B22)+(A23*B23)+(A24*B24)+(A25*B25)+(A26*B26)+(A27*B27)+(A28*B28)+(A29*B29)+(A30*B30)+(A31*B31)+(A32*B32)+(A33*B33)+(A34*B34)+(A35*B35)+(A36*B36)+(A37*B37)+(A38*B38)+(A39*B39) -> 37575086 | CM39: =(30*CL39-CI39*CK39)/(30*CJ39-CI39*CI39) -> 418.73348 | CN39: =(CK39*CJ39-CI39*CL39)/(30*CJ39-CI39*CI39) -> 44851.063 | CO39: =CM39*A39+CN39 -> 60344.202
A40: 38 | B40: =DATA!H39 -> 57876 | C40: =DATA!C202+DATA!D202 -> 2318000 | D40: =B40*C40 -> 134156568000 | E40: =AVERAGE(B31:B40) -> 57475.1 | F40: =AVERAGE(B21:B40) -> 57340.15 | G40: =AVERAGE(B11:B40) -> 54628.667 | H40: =SUM(D21:D40)/SUM(C21:C40) -> 57992.018 | I40: =(2/13)*(B40-I39)+I39 -> 57308.925 | J40: =(2/27)*(B40-J39)+J39 -> 54861.531 | K40: =I40-J40 -> 2447.3931 | L40: =AVERAGE(K32:K40) -> 3078.8323 | M40: =MAX(B21:B40) -> 59999 | N40: =MIN(B21:B40) -> 50887 | O40: =AVERAGE(B21:B40) -> 57340.15 | P40: =O40+2*STDEVPA(B21:B40) -> 61531.443 | Q40: =O40-2*STDEVPA(B21:B40) -> 53148.857 | R40: =(MIN(B32:B40)+MAX(B32:B40))*0.5 -> 57286.5 | S40: =(MIN(B15:B40)+MAX(B15:B40))*0.5 -> 53756.5 | T40: =(R40+S40)*0.5 -> 55521.5 | V40: =B15 -> 51032 | W40: =(B40-B39)/B39 -> -0.012388656 | X40: =IF(W40>=0,W40,0) -> 0 | Y40: =IF(W40<0,ABS(W40),0) -> 0.012388656 | Z40: =AVERAGE(X27:X40) -> 0.006014037 | AA40: =AVERAGE(Y27:Y40) -> 0.0081906106 | AB40: =100*Z40/(Z40+AA40) -> 42.338516 | AC40: =(AB40-MIN(AB27:AB40))/(MAX(AB27:AB40)-MIN(AB27:AB40)) -> 0 | AD40: =AVERAGE(AC38:AC40) -> 0 | AE40: =AVERAGE(B27:B40) -> 57769.929 | AF40: =STDEV(B27:B40) -> 993.07854 | AG40: =IF(W40>=0,AF40,0) -> 0 | AH40: =IF(W40<0,AF40,0) -> 993.07854 | AI40: =AVERAGE(AG27:AG40) -> 845.5934 | AJ40: =AVERAGE(AH27:AH40) -> 2123.9452 | AK40: =100*AI40/(AI40+AJ40) -> 28.475582 | AL40: =B40-B39 -> -726 | AM40: =(2/26)*(AL40-AM39)+AM39 -> 195.01631 | AN40: =AVERAGE(AM28:AM40) -> 291.32956 | AO40: =ABS(AL40) -> 726 | AP40: =(2/26)*(AO40-AP39)+AP39 -> 972.96562 | AQ40: =AVERAGE(AP28:AP40) -> 1036.644 | AR40: =(AN40/AQ40)*100 -> 28.103143 | AT40: =IF(W40>=0,D40,0) -> 0 | AU40: =IF(W40<0,D40,0) -> 134156568000 | AV40: =AVERAGE(AT27:AT40) -> 4.9918819e+10 | AW40: =AVERAGE(AU27:AU40) -> 1.542211e+11 | AX40: =AV40/AW40 -> 0.32368346 | AY40: =IF(AW40=0,100,100-(100/(1+AX40))) -> 24.453237 | AZ40: =AVERAGE(B21:B40) -> 57340.15 | BA40: {=SUM(ABS((B21:B40-AVERAGE(B21:B40))))/COUNT(B21:B40)} -> 1477.105 | BB40: =(B40-AZ40)/(0.015*BA40) -> 24.184695 | BC40: =(B40-B39)*C40 -> -1682868000 | BD40: =(2/14)*(BC40-BD39)+BD39 -> 4.9503181e+08 | BE40: =MAX(B27:B40) -> 59611 | BF40: =MIN(B27:B40) -> 55971 | BG40: =(B40-BF40)/(BE40-BF40) -> 0.52335165 | BH40: =(2/6)*(B40-BH39)+BH39 -> 57788.63 | BI40: =(2/21)*(B40-BI39)+BI39 -> 56222.826 | BJ40: =(BH40-BI40)/BI40 -> 0.027849959 | BK40: =(2/6)*(C40-BK39)+BK39 -> 2185273.9 | BL40: =(2/21)*(C40-BL39)+BL39 -> 3545600.5 | BM40: =(BK40-BL40)/BL40 -> -0.38366606 | BN40: =(2/6)*(D40-BN39)+BN39 -> 1.264083e+11 | BO40: =AVERAGE(D21:D40) -> 246909353296 | BP40: =(BN40-BO40)/BO40 -> -0.48803763 | BQ40: =B40-B39 -> -726 | BR40: =IF(BQ40>=0,BQ40,0) -> 0 | BS40: =IF(BQ40<0,ABS(BQ40),0) -> 726 | BT40: =(SUM(BR32:BR40)-SUM(BS32:BS40))/(SUM(BR32:BR40)+SUM(BS32:BS40))*100 -> -3.2876003 | BU40: =SUM(A31:A40) -> 335 | BV40: =(A31*A31)+(A32*A32)+(A33*A33)+(A34*A34)+(A35*A35)+(A36*A36)+(A37*A37)+(A38*A38)+(A39*A39)+(A40*A40) -> 11305 | BW40: =SUM(B31:B40) -> 574751 | BX40: =(A31*B31)+(A32*B32)+(A33*B33)+(A34*B34)+(A35*B35)+(A36*B36)+(A37*B37)+(A38*B38)+(A39*B39)+(A40*B40) -> 19258571 | BY40: =(10*BX40-BU40*BW40)/(10*BV40-BU40*BU40) -> 53.484848 | BZ40: =(BW40*BV40-BU40*BX40)/(10*BV40-BU40*BU40) -> 55683.358 | CA40: =BY40*A40+BZ40 -> 57715.782 | CB40: =SUM(A21:A40) -> 570 | CC40: =(A21*A21)+(A22*A22)+(A23*A23)+(A24*A24)+(A25*A25)+(A26*A26)+(A27*A27)+(A28*A28)+(A29*A29)+(A30*A30)+(A31*A31)+(A32*A32)+(A33*A33)+(A34*A34)+(A35*A35)+(A36*A36)+(A37*A37)+(A38*A38)+(A39*A39)+(A40*A40) -> 16910 | CD40: =SUM(B21:B40) -> 1146803 | CE40: =(A21*B21)+(A22*B22)+(A23*B23)+(A24*B24)+(A25*B25)+(A26*B26)+(A27*B27)+(A28*B28)+(A29*B29)+(A30*B30)+(A31*B31)+(A32*B32)+(A33*B33)+(A34*B34)+(A35*B35)+(A36*B36)+(A37*B37)+(A38*B38)+(A39*B39)+(A40*B40) -> 32756776 | CF40: =(20*CE40-CB40*CD40)/(20*CC40-CB40*CB40) -> 109.60977 | CG40: =(CD40*CC40-CB40*CE40)/(20*CC40-CB40*CB40) -> 54216.271 | CH40: =CF40*A40+CG40 -> 58381.443 | CI40: =SUM(A11:A40) -> 705 | CJ40: =(A11*A11)+(A12*A12)+(A13*A13)+(A14*A14)+(A15*A15)+(A16*A16)+(A17*A17)+(A18*A18)+(A19*A19)+(A20*A20)+(A21*A21)+(A22*A22)+(A23*A23)+(A24*A24)+(A25*A25)+(A26*A26)+(A27*A27)+(A28*A28)+(A29*A29)+(A30*A30)+(A31*A31)+(A32*A32)+(A33*A33)+(A34*A34)+(A35*A35)+(A36*A36)+(A37*A37)+(A38*A38)+(A39*A39)+(A40*A40) -> 18815 | CK40: =SUM(B11:B40) -> 1638860 | CL40: =(A11*B11)+(A12*B12)+(A13*B13)+(A14*B14)+(A15*B15)+(A16*B16)+(A17*B17)+(A18*B18)+(A19*B19)+(A20*B20)+(A21*B21)+(A22*B22)+(A23*B23)+(A24*B24)+(A25*B25)+(A26*B26)+(A27*B27)+(A28*B28)+(A29*B29)+(A30*B30)+(A31*B31)+(A32*B32)+(A33*B33)+(A34*B34)+(A35*B35)+(A36*B36)+(A37*B37)+(A38*B38)+(A39*B39)+(A40*B40) -> 39396830 | CM40: =(30*CL40-CI40*CK40)/(30*CJ40-CI40*CI40) -> 393.15684 | CN40: =(CK40*CJ40-CI40*CL40)/(30*CJ40-CI40*CI40) -> 45389.481 | CO40: =CM40*A40+CN40 -> 60329.441
A41: 39 | B41: =DATA!H40 -> 58033 | C41: =DATA!C193+DATA!D193 -> 2840000 | D41: =B41*C41 -> 164813720000 | E41: =AVERAGE(B32:B41) -> 57465.4 | F41: =AVERAGE(B22:B41) -> 57697.45 | G41: =AVERAGE(B12:B41) -> 54958.667 | H41: =SUM(D22:D41)/SUM(C22:C41) -> 58029.664 | I41: =(2/13)*(B41-I40)+I40 -> 57420.321 | J41: =(2/27)*(B41-J40)+J40 -> 55096.455 | K41: =I41-J41 -> 2323.8657 | L41: =AVERAGE(K33:K41) -> 2898.7576 | M41: =MAX(B22:B41) -> 59999 | N41: =MIN(B22:B41) -> 53431 | O41: =AVERAGE(B22:B41) -> 57697.45 | P41: =O41+2*STDEVPA(B22:B41) -> 60667.915 | Q41: =O41-2*STDEVPA(B22:B41) -> 54726.985 | R41: =(MIN(B33:B41)+MAX(B33:B41))*0.5 -> 57286.5 | S41: =(MIN(B16:B41)+MAX(B16:B41))*0.5 -> 53756.5 | T41: =(R41+S41)*0.5 -> 55521.5 | V41: =B16 -> 50410 | W41: =(B41-B40)/B40 -> 0.0027126961 | X41: =IF(W41>=0,W41,0) -> 0.0027126961 | Y41: =IF(W41<0,ABS(W41),0) -> 0 | Z41: =AVERAGE(X28:X41) -> 0.006207801 | AA41: =AVERAGE(Y28:Y41) -> 0.0079862968 | AB41: =100*Z41/(Z41+AA41) -> 43.735087 | AC41: =(AB41-MIN(AB28:AB41))/(MAX(AB28:AB41)-MIN(AB28:AB41)) -> 0.035773288 | AD41: =AVERAGE(AC39:AC41) -> 0.011924429 | AE41: =AVERAGE(B28:B41) -> 57657.214 | AF41: =STDEV(B28:B41) -> 846.82504 | AG41: =IF(W41>=0,AF41,0) -> 846.82504 | AH41: =IF(W41<0,AF41,0) -> 0 | AI41: =AVERAGE(AG28:AG41) -> 906.08091 | AJ41: =AVERAGE(AH28:AH41) -> 1796.5153 | AK41: =100*AI41/(AI41+AJ41) -> 33.526315 | AL41: =B41-B40 -> 157 | AM41: =(2/26)*(AL41-AM40)+AM40 -> 192.09198 | AN41: =(2/14)*(AM41-AN40)+AN40 -> 277.15276 | AO41: =ABS(AL41) -> 157 | AP41: =(2/26)*(AO41-AP40)+AP40 -> 910.19904 | AQ41: =(2/14)*(AP41-AQ40)+AQ40 -> 1018.5805 | AR41: =(AN41/AQ41)*100 -> 27.209707 | AT41: =IF(W41>=0,D41,0) -> 164813720000 | AU41: =IF(W41<0,D41,0) -> 0 | AV41: =AVERAGE(AT28:AT41) -> 6.1691228e+10 | AW41: =AVERAGE(AU28:AU41) -> 1.1753053e+11 | AX41: =AV41/AW41 -> 0.52489534 | AY41: =IF(AW41=0,100,100-(100/(1+AX41))) -> 34.421729 | AZ41: =AVERAGE(B22:B41) -> 57697.45 | BA41: {=SUM(ABS((B22:B41-AVERAGE(B22:B41))))/COUNT(B22:B41)} -> 1072.86 | BB41: =(B41-AZ41)/(0.015*BA41) -> 20.85081 | BC41: =(B41-B40)*C41 -> 445880000 | BD41: =(2/14)*(BC41-BD40)+BD40 -> 4.8801012e+08 | BE41: =MAX(B28:B41) -> 59067 | BF41: =MIN(B28:B41) -> 55971 | BG41: =(B41-BF41)/(BE41-BF41) -> 0.66602067 | BH41: =(2/6)*(B41-BH40)+BH40 -> 57870.087 | BI41: =(2/21)*(B41-BI40)+BI40 -> 56395.224 | BJ41: =(BH41-BI41)/BI41 -> 0.026152261 | BK41: =(2/6)*(C41-BK40)+BK40 -> 2403516 | BL41: =(2/21)*(C41-BL40)+BL40 -> 3478400.5 | BM41: =(BK41-BL41)/BL41 -> -0.3090169 | BN41: =(2/6)*(D41-BN40)+BN40 -> 1.3921011e+11 | BO41: =AVERAGE(D22:D41) -> 2.540115e+11 | BP41: =(BN41-BO41)/BO41 -> -0.45195353 | BQ41: =B41-B40 -> 157 | BR41: =IF(BQ41>=0,BQ41,0) -> 157 | BS41: =IF(BQ41<0,ABS(BQ41),0) -> 0 | BT41: =(SUM(BR33:BR41)-SUM(BS33:BS41))/(SUM(BR33:BR41)+SUM(BS33:BS41))*100 -> 7.0093458 | BU41: =SUM(A32:A41) -> 345 | BV41: =(A32*A32)+(A33*A33)+(A34*A34)+(A35*A35)+(A36*A36)+(A37*A37)+(A38*A38)+(A39*A39)+(A40*A40)+(A41*A41) -> 11985 | BW41: =SUM(B32:B41) -> 574654 | BX41: =(A32*B32)+(A33*B33)+(A34*B34)+(A35*B35)+(A36*B36)+(A37*B37)+(A38*B38)+(A39*B39)+(A40*B40)+(A41*B41) -> 19836088 | BY41: =(10*BX41-BU41*BW41)/(10*BV41-BU41*BU41) -> 127.57576 | BZ41: =(BW41*BV41-BU41*BX41)/(10*BV41-BU41*BU41) -> 53064.036 | CA41: =BY41*A41+BZ41 -> 58039.491 | CB41: =SUM(A22:A41) -> 590 | CC41: =(A22*A22)+(A23*A23)+(A24*A24)+(A25*A25)+(A26*A26)+(A27*A27)+(A28*A28)+(A29*A29)+(A30*A30)+(A31*A31)+(A32*A32)+(A33*A33)+(A34*A34)+(A35*A35)+(A36*A36)+(A37*A37)+(A38*A38)+(A39*A39)+(A40*A40)+(A41*A41) -> 18070 | CD41: =SUM(B22:B41) -> 1153949 | CE41: =(A22*B22)+(A23*B23)+(A24*B24)+(A25*B25)+(A26*B26)+(A27*B27)+(A28*B28)+(A29*B29)+(A30*B30)+(A31*B31)+(A32*B32)+(A33*B33)+(A34*B34)+(A35*B35)+(A36*B36)+(A37*B37)+(A38*B38)+(A39*B39)+(A40*B40)+(A41*B41) -> 34053210 | CF41: =(20*CE41-CB41*CD41)/(20*CC41-CB41*CB41) -> 17.615789 | CG41: =(CD41*CC41-CB41*CE41)/(20*CC41-CB41*CB41) -> 57177.784 | CH41: =CF41*A41+CG41 -> 57864.8 | CI41: =SUM(A12:A41) -> 735 | CJ41: =(A12*A12)+(A13*A13)+(A14*A14)+(A15*A15)+(A16*A16)+(A17*A17)+(A18*A18)+(A19*A19)+(A20*A20)+(A21*A21)+(A22*A22)+(A23*A23)+(A24*A24)+(A25*A25)+(A26*A26)+(A27*A27)+(A28*A28)+(A29*A29)+(A30*A30)+(A31*A31)+(A32*A32)+(A33*A33)+(A34*A34)+(A35*A35)+(A36*A36)+(A37*A37)+(A38*A38)+(A39*A39)+(A40*A40)+(A41*A41) -> 20255 | CK41: =SUM(B12:B41) -> 1648760 | CL41: =(A12*B12)+(A13*B13)+(A14*B14)+(A15*B15)+(A16*B16)+(A17*B17)+(A18*B18)+(A19*B19)+(A20*B20)+(A21*B21)+(A22*B22)+(A23*B23)+(A24*B24)+(A25*B25)+(A26*B26)+(A27*B27)+(A28*B28)+(A29*B29)+(A30*B30)+(A31*B31)+(A32*B32)+(A33*B33)+(A34*B34)+(A35*B35)+(A36*B36)+(A37*B37)+(A38*B38)+(A39*B39)+(A40*B40)+(A41*B41) -> 41226920 | CM41: =(30*CL41-CI41*CK41)/(30*CJ41-CI41*CI41) -> 370.32258 | CN41: =(CK41*CJ41-CI41*CL41)/(30*CJ41-CI41*CI41) -> 45885.763 | CO41: =CM41*A41+CN41 -> 60328.344
